<DATE>	<TIME>	<OPEN>	<HIGH>	<LOW>	<CLOSE>	<TICKVOL>	<VOL>	<SPREAD>
2025.07.09	16:30:00	26.70	27.41	26.53	27.05	16196	8715792	1
2025.07.09	17:00:00	27.07	27.22	26.72	26.74	8602	5225882	1
2025.07.09	17:30:00	26.74	26.74	26.08	26.16	9838	6521335	1
2025.07.09	18:00:00	26.16	26.29	25.89	26.28	7351	4521090	1
2025.07.09	18:30:00	26.28	26.33	26.08	26.21	3191	2064288	1
2025.07.09	19:00:00	26.21	26.36	26.16	26.32	2032	1309985	1
2025.07.09	19:30:00	26.32	26.50	26.29	26.40	2608	1641522	1
2025.07.09	20:00:00	26.40	26.60	26.39	26.50	2951	1692184	1
2025.07.09	20:30:00	26.50	26.69	26.45	26.64	2107	1134931	1
2025.07.09	21:00:00	26.64	26.76	26.54	26.59	2493	1512877	1
2025.07.09	21:30:00	26.59	26.75	26.53	26.72	1936	1246711	1
2025.07.09	22:00:00	26.72	26.79	26.55	26.63	2346	1288431	1
2025.07.09	22:30:00	26.63	26.73	26.53	26.62	4340	2762021	1
2025.07.10	16:30:00	27.38	27.51	26.66	26.86	14755	8683780	1
2025.07.10	17:00:00	26.87	27.33	26.70	27.30	9015	5752593	1
2025.07.10	17:30:00	27.31	27.57	27.27	27.32	7810	4867777	1
2025.07.10	18:00:00	27.33	27.73	27.30	27.68	5567	3269405	1
2025.07.10	18:30:00	27.68	27.70	27.54	27.61	3827	2384370	1
2025.07.10	19:00:00	27.61	27.63	27.35	27.54	3011	2026975	1
2025.07.10	19:30:00	27.55	27.66	27.44	27.45	2855	1814472	1
2025.07.10	20:00:00	27.45	27.59	27.42	27.53	1877	999336	1
2025.07.10	20:30:00	27.53	27.65	27.53	27.61	1740	1106554	1
2025.07.10	21:00:00	27.61	27.65	27.49	27.55	2027	1118756	1
2025.07.10	21:30:00	27.56	27.63	27.37	27.44	2311	1428761	1
2025.07.10	22:00:00	27.44	27.57	27.37	27.40	2270	1415729	1
2025.07.10	22:30:00	27.40	27.44	27.19	27.41	6111	2990863	1
2025.07.11	16:30:00	26.85	27.10	26.55	26.92	12004	6137321	1
2025.07.11	17:00:00	26.93	27.22	26.74	27.14	6618	3886450	1
2025.07.11	17:30:00	27.14	27.28	26.83	26.98	5844	3496172	1
2025.07.11	18:00:00	26.98	27.12	26.86	27.09	3836	2214633	1
2025.07.11	18:30:00	27.09	27.34	27.08	27.11	3389	2437247	1
2025.07.11	19:00:00	27.11	27.24	27.09	27.19	2565	1612449	1
2025.07.11	19:30:00	27.19	27.37	27.10	27.34	2323	1672459	1
2025.07.11	20:00:00	27.35	27.44	27.27	27.37	2253	1499373	1
2025.07.11	20:30:00	27.37	27.38	27.19	27.35	1940	1520025	1
2025.07.11	21:00:00	27.35	27.41	27.29	27.38	1740	891330	1
2025.07.11	21:30:00	27.38	27.54	27.37	27.38	2618	2039688	1
2025.07.11	22:00:00	27.38	27.43	27.10	27.31	3163	2147123	1
2025.07.11	22:30:00	27.31	27.42	27.24	27.26	5046	3259954	1
2025.07.14	16:30:00	26.65	26.65	25.32	25.53	29207	14414936	1
2025.07.14	17:00:00	25.55	26.28	25.48	25.95	12721	6850027	1
2025.07.14	17:30:00	25.95	26.25	25.84	26.15	5515	3230380	1
2025.07.14	18:00:00	26.15	26.43	26.11	26.31	5090	3125516	1
2025.07.14	18:30:00	26.31	26.46	26.23	26.39	4003	2407706	1
2025.07.14	19:00:00	26.39	26.59	26.35	26.40	3270	1921471	1
2025.07.14	19:30:00	26.40	26.60	26.28	26.58	2919	1834286	1
2025.07.14	20:00:00	26.57	26.66	26.56	26.60	2337	1211432	1
2025.07.14	20:30:00	26.60	26.77	26.57	26.59	2217	1372290	1
2025.07.14	21:00:00	26.59	26.75	26.54	26.67	1714	892290	1
2025.07.14	21:30:00	26.67	26.68	26.57	26.60	1325	765151	1
2025.07.14	22:00:00	26.60	26.67	26.43	26.51	2578	1615072	1
2025.07.14	22:30:00	26.50	26.54	26.29	26.47	7210	4180337	1
2025.07.15	16:30:00	28.05	28.46	27.62	27.64	23037	11063645	1
2025.07.15	17:00:00	27.66	28.15	27.62	27.98	12825	6380014	1
2025.07.15	17:30:00	27.99	28.09	27.52	27.54	7521	4110651	1
2025.07.15	18:00:00	27.53	27.86	27.50	27.83	5390	3361870	1
2025.07.15	18:30:00	27.82	27.89	27.68	27.76	3562	2087488	1
2025.07.15	19:00:00	27.76	27.82	27.66	27.73	2608	1481783	1
2025.07.15	19:30:00	27.71	27.75	27.30	27.38	3062	1769470	1
2025.07.15	20:00:00	27.38	27.57	27.20	27.47	3472	2207119	1
2025.07.15	20:30:00	27.47	27.73	27.45	27.72	2544	1692970	1
2025.07.15	21:00:00	27.72	27.79	27.65	27.76	2697	1522224	1
2025.07.15	21:30:00	27.75	27.83	27.36	27.37	2839	1657735	1
2025.07.15	22:00:00	27.36	27.57	27.26	27.30	2919	1558135	1
2025.07.15	22:30:00	27.32	27.50	27.25	27.26	7042	4472148	1
2025.07.16	16:30:00	26.60	26.60	25.66	25.93	26655	10964709	1
2025.07.16	17:00:00	25.93	26.09	25.66	25.94	14226	5828649	1
2025.07.16	17:30:00	25.95	26.05	25.63	25.77	11654	4407815	1
2025.07.16	18:00:00	25.77	25.94	25.32	25.63	12542	5651072	1
2025.07.16	18:30:00	25.63	26.02	24.91	25.87	17084	7888654	1
2025.07.16	19:00:00	25.88	25.96	25.71	25.82	6300	2788469	1
2025.07.16	19:30:00	25.83	26.30	25.81	26.28	4617	2340838	1
2025.07.16	20:00:00	26.28	26.40	26.16	26.24	4277	2780134	1
2025.07.16	20:30:00	26.25	26.29	26.16	26.17	2872	1474208	1
2025.07.16	21:00:00	26.18	26.32	26.12	26.29	2663	1451129	1
2025.07.16	21:30:00	26.31	26.56	26.30	26.55	3410	1940156	1
2025.07.16	22:00:00	26.55	26.72	26.54	26.71	4272	2411998	1
2025.07.16	22:30:00	26.70	27.05	26.68	27.02	9468	5177416	1
2025.07.16	23:00:00	27.02	27.02	27.02	27.02	1	600	1
2025.07.17	16:30:00	26.96	27.13	26.42	27.02	18582	8028630	1
2025.07.17	17:00:00	27.03	27.19	26.76	27.01	10623	4620272	1
2025.07.17	17:30:00	27.01	27.28	26.96	27.23	7067	3612264	1
2025.07.17	18:00:00	27.23	27.48	27.20	27.32	5305	2840915	1
2025.07.17	18:30:00	27.32	27.51	27.25	27.46	4103	2470069	1
2025.07.17	19:00:00	27.46	27.50	27.23	27.39	3318	2110868	1
2025.07.17	19:30:00	27.39	27.47	27.28	27.45	2577	1356551	1
2025.07.17	20:00:00	27.45	27.50	27.26	27.35	2453	1168939	1
2025.07.17	20:30:00	27.35	27.43	27.32	27.41	1891	1130780	1
2025.07.17	21:00:00	27.42	27.43	27.22	27.37	2186	1572091	1
2025.07.17	21:30:00	27.37	27.42	27.25	27.29	2082	1098891	1
2025.07.17	22:00:00	27.30	27.35	27.22	27.32	2249	1419861	1
2025.07.17	22:30:00	27.32	27.40	27.22	27.31	6738	3542968	1
2025.07.18	16:30:00	27.71	27.90	27.40	27.47	12266	6140515	1
2025.07.18	17:00:00	27.48	27.61	26.75	26.89	12007	5670050	1
2025.07.18	17:30:00	26.90	27.33	26.88	27.15	6504	3960805	1
2025.07.18	18:00:00	27.15	27.32	27.04	27.23	4133	2393034	1
2025.07.18	18:30:00	27.24	27.53	27.19	27.49	3264	1852505	1
2025.07.18	19:00:00	27.48	27.50	27.12	27.24	3215	2039079	1
2025.07.18	19:30:00	27.24	27.33	27.10	27.18	3023	1926967	1
2025.07.18	20:00:00	27.18	27.33	27.05	27.28	2556	1588494	1
2025.07.18	20:30:00	27.27	27.36	27.13	27.24	2167	1373282	1
2025.07.18	21:00:00	27.26	27.34	27.17	27.28	2114	1186167	1
2025.07.18	21:30:00	27.29	27.36	27.21	27.24	1679	936302	1
2025.07.18	22:00:00	27.24	27.50	27.24	27.41	2485	1998064	1
2025.07.18	22:30:00	27.41	27.45	27.30	27.35	4047	2251022	1
2025.07.18	23:00:00	27.35	27.35	27.35	27.35	1	200	1
2025.07.21	16:30:00	27.56	28.16	27.55	28.09	17936	7542633	1
2025.07.21	17:00:00	28.10	28.37	27.91	28.31	10156	4299339	1
2025.07.21	17:30:00	28.31	28.50	28.11	28.27	7623	4195841	1
2025.07.21	18:00:00	28.27	28.30	28.13	28.17	3605	1725586	1
2025.07.21	18:30:00	28.16	28.23	27.95	27.96	3943	2199043	1
2025.07.21	19:00:00	27.96	28.08	27.72	27.85	4016	2563066	1
2025.07.21	19:30:00	27.85	27.99	27.83	27.94	2379	1530143	1
2025.07.21	20:00:00	27.94	28.07	27.93	28.04	1777	1004157	1
2025.07.21	20:30:00	28.04	28.14	27.96	27.97	1914	1274447	1
2025.07.21	21:00:00	27.97	28.13	27.92	28.08	1631	869914	1
2025.07.21	21:30:00	28.08	28.08	27.90	27.91	1315	844042	1
2025.07.21	22:00:00	27.91	27.93	27.67	27.71	3515	2424570	1
2025.07.21	22:30:00	27.72	27.78	27.45	27.45	6076	3623838	1
2025.07.22	16:30:00	27.11	27.28	25.34	25.62	31061	13052423	1
2025.07.22	17:00:00	25.59	26.20	25.37	25.93	17912	7861240	1
2025.07.22	17:30:00	25.93	26.35	25.91	26.21	7781	4091699	1
2025.07.22	18:00:00	26.22	26.33	26.03	26.29	4299	2205835	1
2025.07.22	18:30:00	26.29	26.62	26.25	26.41	5240	2676327	1
2025.07.22	19:00:00	26.42	26.49	26.06	26.09	6061	2911257	1
2025.07.22	19:30:00	26.07	26.21	25.92	26.13	4246	2206459	1
2025.07.22	20:00:00	26.12	26.25	25.99	26.20	3621	1929598	1
2025.07.22	20:30:00	26.22	26.26	26.01	26.18	2178	1197584	1
2025.07.22	21:00:00	26.18	26.28	25.97	26.17	2546	1457790	1
2025.07.22	21:30:00	26.16	26.56	26.15	26.56	2820	1622709	1
2025.07.22	22:00:00	26.56	26.57	26.33	26.38	3304	1751374	1
2025.07.22	22:30:00	26.38	26.53	26.29	26.29	8032	3995072	1
2025.07.22	23:00:00	26.30	26.30	26.30	26.30	2	600	1
2025.07.23	16:30:00	25.65	25.74	24.89	24.91	24656	10935057	1
2025.07.23	17:00:00	24.91	25.37	24.84	25.30	12632	5833062	1
2025.07.23	17:30:00	25.30	25.33	24.88	25.25	7738	3529658	1
2025.07.23	18:00:00	25.26	25.40	25.15	25.33	5727	2913651	1
2025.07.23	18:30:00	25.33	25.81	25.16	25.64	7502	3880393	1
2025.07.23	19:00:00	25.64	25.74	25.41	25.48	5308	2304737	1
2025.07.23	19:30:00	25.47	25.71	25.43	25.64	3185	1500305	1
2025.07.23	20:00:00	25.64	25.70	25.45	25.51	2656	1511897	1
2025.07.23	20:30:00	25.51	25.69	25.38	25.56	2933	1275837	1
2025.07.23	21:00:00	25.57	25.91	25.53	25.66	3648	1947647	1
2025.07.23	21:30:00	25.67	25.79	25.60	25.68	2749	1462298	1
2025.07.23	22:00:00	25.69	25.75	25.53	25.60	2260	1358414	1
2025.07.23	22:30:00	25.60	25.80	25.48	25.79	7583	3868932	1
2025.07.24	16:30:00	25.66	25.72	25.07	25.28	15179	7214665	1
2025.07.24	17:00:00	25.29	25.34	24.95	25.32	9233	5222674	1
2025.07.24	17:30:00	25.32	25.71	25.31	25.69	6989	3530642	1
2025.07.24	18:00:00	25.69	25.75	25.56	25.61	3963	2078670	1
2025.07.24	18:30:00	25.62	25.73	25.44	25.69	3167	2078491	1
2025.07.24	19:00:00	25.68	25.68	25.44	25.51	2638	1817957	1
2025.07.24	19:30:00	25.51	25.53	25.32	25.46	2314	1478471	1
2025.07.24	20:00:00	25.46	25.75	25.45	25.55	2546	1732343	1
2025.07.24	20:30:00	25.56	25.79	25.55	25.65	1949	1274941	1
2025.07.24	21:00:00	25.65	25.78	25.60	25.62	1572	888713	1
2025.07.24	21:30:00	25.62	25.68	25.44	25.62	1907	1352725	1
2025.07.24	22:00:00	25.60	25.67	25.53	25.65	1850	1405967	1
2025.07.24	22:30:00	25.66	25.67	25.49	25.61	4964	3181582	1
2025.07.25	16:30:00	25.16	25.26	24.83	25.14	12566	7066255	1
2025.07.25	17:00:00	25.13	25.43	25.13	25.32	7064	3826431	1
2025.07.25	17:30:00	25.33	25.46	25.11	25.24	4486	2582681	1
2025.07.25	18:00:00	25.25	25.31	25.16	25.20	2545	1438595	1
2025.07.25	18:30:00	25.20	25.30	25.10	25.26	1942	1125015	1
2025.07.25	19:00:00	25.25	25.51	25.25	25.51	2920	1947282	1
2025.07.25	19:30:00	25.50	25.56	25.40	25.43	2473	2273626	1
2025.07.25	20:00:00	25.43	25.52	25.41	25.45	1907	1652270	1
2025.07.25	20:30:00	25.45	25.55	25.44	25.44	1836	1196229	1
2025.07.25	21:00:00	25.45	25.61	25.44	25.54	2054	1203577	1
2025.07.25	21:30:00	25.54	25.56	25.45	25.51	1581	1154954	1
2025.07.25	22:00:00	25.51	25.60	25.48	25.50	2295	1738785	1
2025.07.25	22:30:00	25.49	25.62	25.49	25.59	4806	3738702	1
2025.07.25	23:00:00	25.59	25.59	25.59	25.59	1	200	1
2025.07.28	16:30:00	26.37	26.86	26.33	26.86	15887	7753645	1
2025.07.28	17:00:00	26.85	26.99	26.58	26.80	9584	4856510	1
2025.07.28	17:30:00	26.81	26.99	26.76	26.83	4989	2880257	1
2025.07.28	18:00:00	26.83	26.91	26.51	26.68	4146	2492638	1
2025.07.28	18:30:00	26.68	26.85	26.67	26.82	2223	1236025	1
2025.07.28	19:00:00	26.82	26.99	26.79	26.91	3617	1929500	1
2025.07.28	19:30:00	26.91	26.98	26.74	26.84	2292	1534991	1
2025.07.28	20:00:00	26.83	26.94	26.78	26.82	2073	1178359	1
2025.07.28	20:30:00	26.82	26.98	26.81	26.91	2377	1819673	1
2025.07.28	21:00:00	26.91	26.99	26.78	26.93	2488	1804198	1
2025.07.28	21:30:00	26.94	26.96	26.84	26.89	1819	911818	1
2025.07.28	22:00:00	26.89	26.98	26.84	26.95	1919	1149278	1
2025.07.28	22:30:00	26.96	26.98	26.78	26.97	8521	4413834	1
2025.07.29	16:30:00	27.44	27.99	27.40	27.97	15297	7265779	1
2025.07.29	17:00:00	27.98	28.16	27.69	27.85	10477	4873599	1
2025.07.29	17:30:00	27.85	28.01	27.54	27.56	7461	3971116	1
2025.07.29	18:00:00	27.56	27.65	26.66	26.73	11114	5810824	1
2025.07.29	18:30:00	26.73	27.25	26.50	27.13	10750	6240952	1
2025.07.29	19:00:00	27.13	27.21	26.97	27.02	4495	2406293	1
2025.07.29	19:30:00	27.02	27.20	26.85	27.19	3634	2022414	1
2025.07.29	20:00:00	27.19	27.48	27.17	27.37	3537	2161231	1
2025.07.29	20:30:00	27.37	27.49	27.27	27.45	2792	1933778	1
2025.07.29	21:00:00	27.45	27.60	27.31	27.38	3181	2091432	1
2025.07.29	21:30:00	27.38	27.57	27.38	27.49	2453	1787221	1
2025.07.29	22:00:00	27.48	27.56	27.21	27.26	2578	1864501	1
2025.07.29	22:30:00	27.26	27.28	26.98	27.07	5806	3287575	1
2025.07.29	23:00:00	27.07	27.07	27.07	27.07	4	1437	1
2025.07.30	16:30:00	27.74	27.93	27.58	27.79	13059	5451487	1
2025.07.30	17:00:00	27.79	27.99	27.67	27.86	6606	2786475	1
2025.07.30	17:30:00	27.86	28.13	27.84	28.00	6004	2706509	1
2025.07.30	18:00:00	28.01	28.03	27.49	27.50	5497	3015886	1
2025.07.30	18:30:00	27.50	27.84	27.47	27.81	4019	2022679	1
2025.07.30	19:00:00	27.81	27.96	27.70	27.86	3411	2089319	1
2025.07.30	19:30:00	27.86	27.90	27.70	27.86	2243	1311401	1
2025.07.30	20:00:00	27.86	28.00	27.84	27.91	2659	1531890	1
2025.07.30	20:30:00	27.91	28.05	27.90	28.01	2388	1548881	1
2025.07.30	21:00:00	28.02	28.05	27.75	28.02	3323	1804250	1
2025.07.30	21:30:00	28.02	28.11	27.13	27.19	8042	3595787	1
2025.07.30	22:00:00	27.18	27.62	26.93	27.20	10526	5239050	1
2025.07.30	22:30:00	27.20	27.69	27.17	27.63	7573	4238937	1
2025.07.31	16:30:00	26.67	26.74	26.04	26.58	21926	9809815	1
2025.07.31	17:00:00	26.58	26.71	26.23	26.31	10153	4494329	1
2025.07.31	17:30:00	26.31	26.46	25.74	25.84	9580	5097106	1
2025.07.31	18:00:00	25.83	26.11	25.52	25.80	12053	5690930	1
2025.07.31	18:30:00	25.80	26.06	25.76	25.97	6591	3219374	1
2025.07.31	19:00:00	25.96	26.17	25.91	26.11	4000	1706536	1
2025.07.31	19:30:00	26.11	26.16	25.86	25.92	3576	1835147	1
2025.07.31	20:00:00	25.93	25.96	25.18	25.25	5951	3269391	1
2025.07.31	20:30:00	25.25	25.44	24.72	24.84	8561	4707248	1
2025.07.31	21:00:00	24.83	25.08	24.20	24.86	9340	6048922	1
2025.07.31	21:30:00	24.85	25.22	24.84	24.99	5158	3597804	1
2025.07.31	22:00:00	25.02	25.19	24.87	24.97	3408	2103677	1
2025.07.31	22:30:00	24.98	25.11	24.68	24.97	7674	4238670	1
2025.08.01	16:30:00	23.56	23.87	22.76	23.03	22777	12017491	1
2025.08.01	17:00:00	23.02	23.82	22.56	23.71	15643	7904665	1
2025.08.01	17:30:00	23.71	24.04	23.53	23.68	9898	5867554	1
2025.08.01	18:00:00	23.68	23.80	23.51	23.65	4383	2581865	1
2025.08.01	18:30:00	23.65	24.51	23.63	24.50	6477	3579553	1
2025.08.01	19:00:00	24.50	24.83	24.48	24.62	6311	3579080	1
2025.08.01	19:30:00	24.62	24.62	23.88	23.94	7381	3780679	1
2025.08.01	20:00:00	23.94	24.02	23.66	23.68	5203	2820193	1
2025.08.01	20:30:00	23.68	23.88	23.66	23.78	3159	1933642	1
2025.08.01	21:00:00	23.78	23.97	23.42	23.91	4341	3265078	1
2025.08.01	21:30:00	23.91	24.17	23.65	23.80	3653	2535891	1
2025.08.01	22:00:00	23.79	24.06	23.71	23.97	2643	1636567	1
2025.08.01	22:30:00	23.97	24.31	23.80	24.06	7736	4479888	1
2025.08.13	16:30:00	28.68	29.29	28.53	28.94	18375	8202185	1
2025.08.13	17:00:00	28.94	29.20	28.72	28.83	9485	4441787	1
2025.08.13	17:30:00	28.83	28.95	28.66	28.79	6116	3296637	1
2025.08.13	18:00:00	28.78	28.81	28.31	28.69	7063	3598095	1
2025.08.13	18:30:00	28.69	28.91	28.62	28.79	4046	2290486	1
2025.08.13	19:00:00	28.80	28.92	28.59	28.71	3373	1542462	1
2025.08.13	19:30:00	28.71	28.84	28.61	28.72	2733	1353430	1
2025.08.13	20:00:00	28.72	29.07	28.72	29.02	2984	1405566	1
2025.08.13	20:30:00	29.01	29.02	28.78	28.97	2058	995412	1
2025.08.13	21:00:00	28.97	29.07	28.93	28.94	2786	1336257	1
2025.08.13	21:30:00	28.93	29.15	28.91	29.08	3263	1728863	1
2025.08.13	22:00:00	29.08	29.24	29.04	29.18	3191	2036304	1
2025.08.13	22:30:00	29.17	29.33	29.04	29.26	5823	3369961	1
2025.08.13	23:00:00	29.26	29.26	29.26	29.26	2	800	1
2025.08.14	16:30:00	28.12	28.73	27.95	28.41	13344	6535739	1
2025.08.14	17:00:00	28.41	28.65	28.35	28.60	5496	2625738	1
2025.08.14	17:30:00	28.60	28.94	28.53	28.62	5568	3163957	1
2025.08.14	18:00:00	28.62	28.66	28.34	28.52	3608	1951662	1
2025.08.14	18:30:00	28.51	28.82	28.49	28.74	3989	2123135	1
2025.08.14	19:00:00	28.75	28.76	28.32	28.35	2943	1718294	1
2025.08.14	19:30:00	28.34	28.75	28.34	28.73	2508	1251872	1
2025.08.14	20:00:00	28.73	28.81	28.63	28.80	2336	1450946	1
2025.08.14	20:30:00	28.80	28.89	28.70	28.86	1595	987357	1
2025.08.14	21:00:00	28.86	28.86	28.67	28.73	1953	1035251	1
2025.08.14	21:30:00	28.72	28.94	28.71	28.91	1962	1139331	1
2025.08.14	22:00:00	28.91	28.98	28.86	28.96	1965	1031273	1
2025.08.14	22:30:00	28.96	29.66	28.94	29.35	9275	5902063	1
2025.08.14	23:00:00	29.34	29.34	29.34	29.34	2	400	1
2025.08.15	16:30:00	28.70	28.70	27.22	27.63	22230	10347089	1
2025.08.15	17:00:00	27.63	28.07	27.46	27.76	11929	5257863	1
2025.08.15	17:30:00	27.77	27.78	27.37	27.45	6848	3131669	1
2025.08.15	18:00:00	27.45	27.71	27.40	27.56	6230	2915173	1
2025.08.15	18:30:00	27.56	27.67	27.18	27.45	6706	3191064	1
2025.08.15	19:00:00	27.44	27.52	27.13	27.14	3810	2043844	1
2025.08.15	19:30:00	27.15	27.42	27.07	27.38	3945	2466517	1
2025.08.15	20:00:00	27.38	27.41	27.16	27.30	2302	1424007	1
2025.08.15	20:30:00	27.30	27.48	27.29	27.46	2046	1263654	1
2025.08.15	21:00:00	27.46	27.50	27.27	27.48	2193	1341676	1
2025.08.15	21:30:00	27.47	27.53	27.33	27.39	2072	1267434	1
2025.08.15	22:00:00	27.39	27.42	27.19	27.39	2360	1329867	1
2025.08.15	22:30:00	27.40	27.57	27.31	27.31	6155	3455698	1
2025.08.18	16:30:00	27.21	27.65	27.18	27.31	8654	4287180	1
2025.08.18	17:00:00	27.31	27.55	27.30	27.42	4484	2285181	1
2025.08.18	17:30:00	27.40	27.56	27.31	27.55	3541	1851773	1
2025.08.18	18:00:00	27.56	27.60	27.33	27.44	2550	1519803	1
2025.08.18	18:30:00	27.44	27.51	27.36	27.42	1754	941328	1
2025.08.18	19:00:00	27.41	27.61	27.39	27.43	2173	1054831	1
2025.08.18	19:30:00	27.43	27.50	27.17	27.30	3114	1991808	1
2025.08.18	20:00:00	27.29	27.49	27.28	27.47	1338	708317	1
2025.08.18	20:30:00	27.47	27.58	27.34	27.43	1855	1050381	1
2025.08.18	21:00:00	27.43	27.50	27.34	27.44	1090	500506	1
2025.08.18	21:30:00	27.44	27.50	27.36	27.44	1141	647698	1
2025.08.18	22:00:00	27.45	27.50	27.32	27.42	1296	799337	1
2025.08.18	22:30:00	27.42	27.60	27.39	27.52	3902	2186433	1
2025.08.19	16:30:00	27.55	27.61	27.18	27.44	9135	4488835	1
2025.08.19	17:00:00	27.44	27.86	27.22	27.22	7332	3422874	1
2025.08.19	17:30:00	27.22	27.35	26.65	26.77	9073	4621720	1
2025.08.19	18:00:00	26.76	27.08	26.61	27.06	4893	2396271	1
2025.08.19	18:30:00	27.06	27.11	26.78	26.81	2750	1410630	1
2025.08.19	19:00:00	26.82	26.94	26.64	26.75	2553	1369679	1
2025.08.19	19:30:00	26.75	26.80	26.27	26.33	4678	2413777	1
2025.08.19	20:00:00	26.34	26.47	26.10	26.44	4713	2778750	1
2025.08.19	20:30:00	26.44	26.62	26.41	26.57	2351	1464629	1
2025.08.19	21:00:00	26.57	26.67	26.37	26.38	2002	1011122	1
2025.08.19	21:30:00	26.38	26.44	26.22	26.35	1821	971089	1
2025.08.19	22:00:00	26.34	26.37	26.10	26.33	2692	1606651	1
2025.08.19	22:30:00	26.33	26.45	26.11	26.25	6753	3522030	1
2025.08.20	16:30:00	26.10	26.11	24.40	24.53	22045	11034465	1
2025.08.20	17:00:00	24.53	24.76	23.66	24.25	20638	9348350	1
2025.08.20	17:30:00	24.24	24.40	23.90	24.06	9178	4611921	1
2025.08.20	18:00:00	24.06	24.99	24.01	24.96	10919	6076945	1
2025.08.20	18:30:00	24.96	25.16	24.53	24.62	7289	3877608	1
2025.08.20	19:00:00	24.63	25.28	24.59	25.25	4870	2426958	1
2025.08.20	19:30:00	25.25	25.25	24.77	24.84	4169	2001950	1
2025.08.20	20:00:00	24.82	25.03	24.78	24.91	3217	1691568	1
2025.08.20	20:30:00	24.91	25.32	24.90	25.09	3355	2001658	1
2025.08.20	21:00:00	25.09	25.15	24.80	24.85	3285	1632312	1
2025.08.20	21:30:00	24.85	25.24	24.84	25.09	2417	1654737	1
2025.08.20	22:00:00	25.09	25.56	25.08	25.40	3068	1883419	1
2025.08.20	22:30:00	25.39	25.87	25.35	25.76	8060	4165264	1
2025.08.21	16:30:00	25.36	25.70	25.04	25.08	11352	5497784	1
2025.08.21	17:00:00	25.08	25.90	24.90	25.89	7585	3966792	1
2025.08.21	17:30:00	25.89	25.89	25.45	25.62	4145	2378094	1
2025.08.21	18:00:00	25.63	25.71	25.27	25.45	3561	2125914	1
2025.08.21	18:30:00	25.45	25.60	25.16	25.22	3186	1642334	1
2025.08.21	19:00:00	25.23	25.27	25.01	25.08	3843	2100920	1
2025.08.21	19:30:00	25.08	25.25	25.03	25.07	2566	1470247	1
2025.08.21	20:00:00	25.07	25.24	24.97	25.09	2532	1521432	1
2025.08.21	20:30:00	25.08	25.39	25.07	25.31	2375	1502738	1
2025.08.21	21:00:00	25.30	25.41	25.25	25.30	1411	819475	1
2025.08.21	21:30:00	25.30	25.39	25.18	25.35	1688	913091	1
2025.08.21	22:00:00	25.35	25.44	25.33	25.33	1532	873066	1
2025.08.21	22:30:00	25.33	25.44	25.22	25.33	5816	3372135	1
2025.08.21	23:00:00	25.33	25.33	25.33	25.33	1	300	1
2025.08.22	16:30:00	25.56	26.31	25.33	26.08	11538	5109704	1
2025.08.22	17:00:00	26.10	28.25	26.10	27.78	32746	14577724	1
2025.08.22	17:30:00	27.82	28.32	27.80	27.93	14346	5575818	1
2025.08.22	18:00:00	27.93	28.13	27.85	27.91	6358	3107872	1
2025.08.22	18:30:00	27.91	28.05	27.65	27.66	5285	2671849	1
2025.08.22	19:00:00	27.67	27.83	27.58	27.61	4348	2490663	1
2025.08.22	19:30:00	27.61	27.75	27.49	27.59	3392	2077698	1
2025.08.22	20:00:00	27.58	28.01	27.58	27.99	3972	2081214	1
2025.08.22	20:30:00	27.99	28.02	27.80	27.80	2743	1610962	1
2025.08.22	21:00:00	27.80	27.87	27.70	27.84	2200	1222192	1
2025.08.22	21:30:00	27.85	27.94	27.78	27.79	2045	1142751	1
2025.08.22	22:00:00	27.80	27.85	27.63	27.65	2427	1341906	1
2025.08.22	22:30:00	27.65	27.69	27.34	27.43	10295	5711462	1
2025.08.25	16:30:00	27.35	27.52	26.81	27.11	11444	5173510	1
2025.08.25	17:00:00	27.12	27.44	27.05	27.32	6558	3034783	1
2025.08.25	17:30:00	27.33	27.53	27.27	27.49	3976	2391950	1
2025.08.25	18:00:00	27.49	27.55	27.40	27.50	2994	1725165	1
2025.08.25	18:30:00	27.50	27.58	27.43	27.48	2226	1126774	1
2025.08.25	19:00:00	27.48	27.55	27.40	27.49	1418	790834	1
2025.08.25	19:30:00	27.49	27.56	27.39	27.43	1470	932970	1
2025.08.25	20:00:00	27.43	27.58	27.33	27.53	1653	1016760	1
2025.08.25	20:30:00	27.53	27.56	27.38	27.42	1091	561133	1
2025.08.25	21:00:00	27.42	27.45	27.26	27.37	1485	1017579	1
2025.08.25	21:30:00	27.37	27.45	27.32	27.39	1085	813441	1
2025.08.25	22:00:00	27.39	27.50	27.37	27.45	1263	823194	1
2025.08.25	22:30:00	27.45	27.54	27.23	27.23	4923	3163200	1
2025.08.26	16:30:00	27.54	28.03	27.53	27.95	9593	5080131	1
2025.08.26	17:00:00	27.94	28.17	27.82	28.12	5545	2950267	1
2025.08.26	17:30:00	28.11	28.22	27.96	28.00	3876	1890281	1
2025.08.26	18:00:00	28.01	28.07	27.79	27.79	2311	1130614	1
2025.08.26	18:30:00	27.79	27.95	27.78	27.91	2175	1481037	1
2025.08.26	19:00:00	27.92	28.12	27.92	28.08	1860	1086692	1
2025.08.26	19:30:00	28.08	28.18	28.05	28.10	1489	799444	1
2025.08.26	20:00:00	28.10	28.16	28.04	28.12	1098	664205	1
2025.08.26	20:30:00	28.13	28.14	27.80	27.94	1805	1027645	1
2025.08.26	21:00:00	27.94	28.03	27.90	28.02	1134	672938	1
2025.08.26	21:30:00	28.02	28.06	27.95	27.97	972	819911	1
2025.08.26	22:00:00	27.96	28.04	27.91	27.99	1680	1107549	1
2025.08.26	22:30:00	27.99	28.08	27.81	27.96	6614	4132165	1
2025.08.27	16:30:00	27.60	27.77	27.28	27.61	9709	4951550	1
2025.08.27	17:00:00	27.61	27.71	27.41	27.59	5366	2707123	1
2025.08.27	17:30:00	27.59	27.73	27.46	27.72	3492	1736748	1
2025.08.27	18:00:00	27.72	27.77	27.65	27.74	1993	906149	1
2025.08.27	18:30:00	27.73	28.02	27.69	27.98	3186	2104408	1
2025.08.27	19:00:00	27.98	28.03	27.69	27.83	2835	1700077	1
2025.08.27	19:30:00	27.83	28.20	27.79	28.13	2968	1867307	1
2025.08.27	20:00:00	28.13	28.16	28.03	28.06	1852	844642	1
2025.08.27	20:30:00	28.07	28.12	28.02	28.08	1297	808823	1
2025.08.27	21:00:00	28.08	28.21	28.06	28.14	1562	1048433	1
2025.08.27	21:30:00	28.14	28.14	28.04	28.07	1231	748891	1
2025.08.27	22:00:00	28.07	28.09	27.76	28.03	2574	1680590	1
2025.08.27	22:30:00	28.03	28.23	28.03	28.13	6084	4011029	1
2025.08.27	23:00:00	28.15	28.15	28.15	28.15	2	700	1
2025.08.28	16:30:00	28.42	29.11	27.96	28.13	17897	8287321	1
2025.08.28	17:00:00	28.14	28.52	28.01	28.22	9090	3714921	1
2025.08.28	17:30:00	28.22	28.67	28.20	28.57	4502	2364094	1
2025.08.28	18:00:00	28.56	28.66	28.18	28.24	4072	2230315	1
2025.08.28	18:30:00	28.24	28.45	28.23	28.37	2400	1084568	1
2025.08.28	19:00:00	28.37	28.62	28.34	28.56	2042	1025475	1
2025.08.28	19:30:00	28.56	28.58	28.43	28.44	1627	912151	1
2025.08.28	20:00:00	28.44	28.56	28.38	28.51	1385	714235	1
2025.08.28	20:30:00	28.51	28.56	28.33	28.51	1891	983064	1
2025.08.28	21:00:00	28.51	28.61	28.49	28.58	1296	735386	1
2025.08.28	21:30:00	28.58	28.70	28.56	28.65	1676	1141530	1
2025.08.28	22:00:00	28.66	28.70	28.56	28.68	2171	1482415	1
2025.08.28	22:30:00	28.68	28.80	28.50	28.51	5043	3062692	1
2025.08.29	16:30:00	27.31	27.32	26.54	26.72	19885	8927022	1
2025.08.29	17:00:00	26.73	26.94	25.94	26.42	18382	8875024	1
2025.08.29	17:30:00	26.43	26.60	26.01	26.08	8953	4242333	1
2025.08.29	18:00:00	26.08	26.52	26.03	26.44	6073	2891883	1
2025.08.29	18:30:00	26.44	26.46	26.24	26.30	3697	2039419	1
2025.08.29	19:00:00	26.30	26.51	26.22	26.24	3290	1642642	1
2025.08.29	19:30:00	26.24	26.35	26.16	26.16	2975	1447053	1
2025.08.29	20:00:00	26.16	26.16	25.79	25.96	6506	3849248	1
2025.08.29	20:30:00	25.96	26.11	25.88	26.01	2659	1722741	1
2025.08.29	21:00:00	26.01	26.01	25.67	25.68	3904	2169610	1
2025.08.29	21:30:00	25.68	25.87	25.68	25.86	3005	1690644	1
2025.08.29	22:00:00	25.86	26.06	25.79	25.94	3289	3040956	1
2025.08.29	22:30:00	25.94	26.09	25.82	26.03	7982	5195308	1
2025.09.02	16:30:00	24.02	24.90	23.80	24.68	23352	10415212	1
2025.09.02	17:00:00	24.67	24.91	24.37	24.69	9763	4476434	1
2025.09.02	17:30:00	24.68	24.72	24.12	24.35	6617	3481062	1
2025.09.02	18:00:00	24.34	24.42	24.03	24.27	5040	2661301	1
2025.09.02	18:30:00	24.27	24.28	23.90	24.05	5294	2997437	1
2025.09.02	19:00:00	24.05	24.16	23.95	24.02	3146	1850389	1
2025.09.02	19:30:00	24.02	24.41	24.01	24.37	2847	1831648	1
2025.09.02	20:00:00	24.38	24.50	24.24	24.47	2277	1432004	1
2025.09.02	20:30:00	24.47	24.73	24.47	24.49	3149	1911236	1
2025.09.02	21:00:00	24.49	24.64	24.48	24.52	1912	1015027	1
2025.09.02	21:30:00	24.52	24.85	24.52	24.71	1947	1041195	1
2025.09.02	22:00:00	24.72	24.95	24.67	24.90	2432	1439435	1
2025.09.02	22:30:00	24.90	25.27	24.90	25.24	8628	4994658	1
2025.09.03	16:30:00	25.37	25.39	24.88	25.03	9571	4817857	1
2025.09.03	17:00:00	25.03	25.24	24.89	25.02	5744	3206430	1
2025.09.03	17:30:00	25.02	25.34	25.01	25.11	4026	2366951	1
2025.09.03	18:00:00	25.10	25.16	24.27	24.35	7017	4611471	1
2025.09.03	18:30:00	24.33	24.58	24.27	24.44	5715	3438201	1
2025.09.03	19:00:00	24.44	24.61	24.35	24.48	3118	1974581	1
2025.09.03	19:30:00	24.49	24.52	24.27	24.50	3086	2029341	1
2025.09.03	20:00:00	24.50	24.66	24.47	24.54	2203	1479737	1
2025.09.03	20:30:00	24.54	24.59	24.24	24.34	2393	1495818	1
2025.09.03	21:00:00	24.34	24.34	24.12	24.25	3359	1761077	1
2025.09.03	21:30:00	24.25	24.37	24.12	24.36	2339	1350826	1
2025.09.03	22:00:00	24.35	24.44	24.30	24.41	1787	970569	1
2025.09.03	22:30:00	24.41	24.91	24.41	24.88	7308	4020322	1
2025.09.04	16:30:00	24.41	24.41	23.98	24.22	13798	6638933	1
2025.09.04	17:00:00	24.22	24.79	24.13	24.74	7691	4105795	1
2025.09.04	17:30:00	24.73	24.84	24.59	24.83	5951	3614500	1
2025.09.04	18:00:00	24.82	25.18	24.82	25.08	4626	2701657	1
2025.09.04	18:30:00	25.09	25.13	24.93	25.04	2499	1457398	1
2025.09.04	19:00:00	25.03	25.17	25.01	25.08	1877	1074482	1
2025.09.04	19:30:00	25.07	25.33	25.06	25.17	1930	1274347	1
2025.09.04	20:00:00	25.17	25.33	25.16	25.25	1538	890428	1
2025.09.04	20:30:00	25.25	25.46	25.18	25.33	1952	1340450	1
2025.09.04	21:00:00	25.33	25.45	25.31	25.39	1475	854124	1
2025.09.04	21:30:00	25.39	25.58	25.39	25.54	1754	960185	1
2025.09.04	22:00:00	25.54	25.71	25.46	25.68	2252	1378308	1
2025.09.04	22:30:00	25.68	25.73	25.44	25.63	10111	5177509	1
2025.09.05	16:30:00	26.82	26.96	26.36	26.95	18997	8662257	1
2025.09.05	17:00:00	26.94	26.95	25.90	25.99	15040	6729676	1
2025.09.05	17:30:00	25.98	26.19	25.69	25.71	10412	4976251	1
2025.09.05	18:00:00	25.71	26.20	25.60	26.18	7126	3804721	1
2025.09.05	18:30:00	26.18	26.50	26.06	26.23	5412	3104967	1
2025.09.05	19:00:00	26.23	26.38	26.06	26.10	3364	2251879	1
2025.09.05	19:30:00	26.11	26.34	25.99	26.33	2854	1719024	1
2025.09.05	20:00:00	26.33	26.33	26.11	26.14	2430	1358020	1
2025.09.05	20:30:00	26.14	26.16	25.90	26.05	2458	1571233	1
2025.09.05	21:00:00	26.05	26.36	26.04	26.28	2352	1210910	1
2025.09.05	21:30:00	26.28	26.39	26.17	26.38	1899	1020119	1
2025.09.05	22:00:00	26.38	26.59	26.32	26.50	4536	2703345	1
2025.09.05	22:30:00	26.50	26.57	26.33	26.51	9331	4459674	1
2025.09.05	23:00:00	26.52	26.52	26.51	26.51	3	800	1
2025.09.08	16:30:00	26.97	27.20	26.78	26.96	11886	6182803	1
2025.09.08	17:00:00	26.96	27.21	26.81	27.18	6458	3778438	1
2025.09.08	17:30:00	27.18	27.43	27.11	27.23	7010	3576954	1
2025.09.08	18:00:00	27.24	27.35	27.07	27.21	5099	3371422	1
2025.09.08	18:30:00	27.21	27.26	27.03	27.11	3035	1551480	1
2025.09.08	19:00:00	27.11	27.12	26.89	26.99	2869	1347585	1
2025.09.08	19:30:00	26.98	27.03	26.77	26.93	3010	1841647	1
2025.09.08	20:00:00	26.92	26.95	26.80	26.85	1607	928756	1
2025.09.08	20:30:00	26.86	26.92	26.71	26.80	1702	1169405	1
2025.09.08	21:00:00	26.80	27.03	26.68	26.98	2335	1409496	1
2025.09.08	21:30:00	26.98	27.08	26.97	27.01	1521	879738	1
2025.09.08	22:00:00	27.01	27.06	26.86	26.90	1633	1093914	1
2025.09.08	22:30:00	26.91	27.14	26.88	27.10	5696	3397119	1
2025.09.09	16:30:00	27.16	27.37	26.87	27.04	8819	4350895	1
2025.09.09	17:00:00	27.04	27.30	26.95	27.03	5863	3154407	1
2025.09.09	17:30:00	27.03	27.03	26.56	26.89	6527	3472918	1
2025.09.09	18:00:00	26.90	27.06	26.82	27.05	3182	1368590	1
2025.09.09	18:30:00	27.04	27.11	26.87	27.04	2632	1190784	1
2025.09.09	19:00:00	27.03	27.18	26.95	27.11	2162	996716	1
2025.09.09	19:30:00	27.12	27.14	26.93	27.07	1584	815073	1
2025.09.09	20:00:00	27.07	27.16	27.03	27.03	1728	703531	1
2025.09.09	20:30:00	27.03	27.10	26.93	27.08	1939	864586	1
2025.09.09	21:00:00	27.08	27.21	27.05	27.11	1973	1080449	1
2025.09.09	21:30:00	27.11	27.12	26.99	27.01	1694	949962	1
2025.09.09	22:00:00	27.01	27.05	26.88	26.97	1283	869614	1
2025.09.09	22:30:00	26.97	27.21	26.92	27.17	3675	2340522	1
2025.09.10	16:30:00	28.48	28.73	28.15	28.27	17967	8228883	1
2025.09.10	17:00:00	28.26	28.68	28.25	28.57	8447	3776337	1
2025.09.10	17:30:00	28.56	28.72	28.52	28.62	5791	2511597	1
2025.09.10	18:00:00	28.62	28.79	28.53	28.65	5169	2323384	1
2025.09.10	18:30:00	28.65	28.80	28.60	28.69	3671	1786108	1
2025.09.10	19:00:00	28.69	28.83	28.53	28.55	2944	1427396	1
2025.09.10	19:30:00	28.56	28.62	28.50	28.58	2249	1174402	1
2025.09.10	20:00:00	28.58	28.66	28.35	28.43	2542	1260384	1
2025.09.10	20:30:00	28.43	28.58	28.34	28.45	2805	1311434	1
2025.09.10	21:00:00	28.45	28.49	28.06	28.16	3338	1967156	1
2025.09.10	21:30:00	28.16	28.41	28.16	28.38	2543	1536777	1
2025.09.10	22:00:00	28.38	28.38	28.11	28.21	2561	1364416	1
2025.09.10	22:30:00	28.22	28.68	28.16	28.57	8611	4978380	1
2025.09.11	16:30:00	29.05	29.61	28.97	29.29	16233	6911325	1
2025.09.11	17:00:00	29.29	29.45	28.97	29.14	7272	3435480	1
2025.09.11	17:30:00	29.14	29.41	29.08	29.28	4962	2371455	1
2025.09.11	18:00:00	29.27	29.35	29.17	29.32	4069	1708694	1
2025.09.11	18:30:00	29.33	29.38	29.17	29.23	3013	1248619	1
2025.09.11	19:00:00	29.24	29.30	29.15	29.18	2265	968043	1
2025.09.11	19:30:00	29.19	29.23	29.10	29.19	1747	842514	1
2025.09.11	20:00:00	29.19	29.34	29.13	29.27	2106	1137382	1
2025.09.11	20:30:00	29.26	29.43	29.26	29.39	2561	1284472	1
2025.09.11	21:00:00	29.39	29.40	29.11	29.14	2350	1165906	1
2025.09.11	21:30:00	29.14	29.23	29.13	29.19	1463	674382	1
2025.09.11	22:00:00	29.19	29.21	29.03	29.14	1831	959116	1
2025.09.11	22:30:00	29.14	29.31	29.09	29.15	5023	2812470	1
2025.09.12	16:30:00	29.36	29.51	29.05	29.16	10398	4419623	1
2025.09.12	17:00:00	29.15	29.15	28.79	29.05	6073	2809177	1
2025.09.12	17:30:00	29.05	29.21	28.95	29.17	4052	2113572	1
2025.09.12	18:00:00	29.17	29.25	29.07	29.12	2974	1795964	1
2025.09.12	18:30:00	29.12	29.28	29.07	29.23	1995	984232	1
2025.09.12	19:00:00	29.24	29.40	29.13	29.38	2275	1258032	1
2025.09.12	19:30:00	29.38	29.38	29.24	29.33	2000	1052928	1
2025.09.12	20:00:00	29.33	29.39	29.27	29.29	1398	685669	1
2025.09.12	20:30:00	29.29	29.43	29.27	29.39	1515	748463	1
2025.09.12	21:00:00	29.39	29.46	29.28	29.37	1568	938992	1
2025.09.12	21:30:00	29.38	29.55	29.36	29.49	2447	1680740	1
2025.09.12	22:00:00	29.49	29.52	29.34	29.39	1652	864724	1
2025.09.12	22:30:00	29.39	29.47	29.22	29.26	4487	2552457	1
2025.09.12	23:00:00	29.26	29.26	29.26	29.26	2	200	1
2025.09.15	16:30:00	29.10	29.86	28.92	29.83	13087	6157843	1
2025.09.15	17:00:00	29.83	29.97	29.38	29.93	6974	3698036	1
2025.09.15	17:30:00	29.94	29.99	29.76	29.81	4512	2107928	1
2025.09.15	18:00:00	29.82	29.85	29.56	29.65	3049	1563410	1
2025.09.15	18:30:00	29.65	29.83	29.62	29.74	2390	1181004	1
2025.09.15	19:00:00	29.75	29.76	29.62	29.67	1633	792799	1
2025.09.15	19:30:00	29.68	29.79	29.67	29.77	1445	759622	1
2025.09.15	20:00:00	29.76	29.87	29.63	29.63	2172	1240475	1
2025.09.15	20:30:00	29.63	29.92	29.63	29.91	1573	817982	1
2025.09.15	21:00:00	29.90	29.99	29.77	29.89	2008	1127951	1
2025.09.15	21:30:00	29.90	29.99	29.83	29.92	1772	1057387	1
2025.09.15	22:00:00	29.93	29.99	29.82	29.85	2255	1901490	1
2025.09.15	22:30:00	29.85	30.03	29.72	30.03	5065	2727430	1
2025.09.16	16:30:00	30.35	30.64	30.16	30.33	12151	5259895	1
2025.09.16	17:00:00	30.33	30.42	30.23	30.35	5073	2105001	1
2025.09.16	17:30:00	30.35	30.35	30.09	30.16	3387	1583940	1
2025.09.16	18:00:00	30.17	30.18	29.89	29.91	3521	2080141	1
2025.09.16	18:30:00	29.91	30.02	29.79	29.85	2948	1376016	1
2025.09.16	19:00:00	29.85	30.00	29.82	29.97	2282	1058467	1
2025.09.16	19:30:00	29.96	30.18	29.92	30.10	1869	964057	1
2025.09.16	20:00:00	30.10	30.18	30.02	30.09	1333	671637	1
2025.09.16	20:30:00	30.10	30.24	30.07	30.23	1397	759734	1
2025.09.16	21:00:00	30.23	30.36	30.22	30.33	1981	1157294	1
2025.09.16	21:30:00	30.34	30.51	30.31	30.50	1860	1155921	1
2025.09.16	22:00:00	30.50	30.58	30.35	30.38	2047	1481650	1
2025.09.16	22:30:00	30.38	30.65	30.35	30.48	4697	2950404	1
2025.09.17	16:30:00	30.24	30.63	30.01	30.54	11434	4178947	1
2025.09.17	17:00:00	30.55	30.76	30.46	30.52	5518	1966099	1
2025.09.17	17:30:00	30.52	30.54	30.28	30.40	3576	1481495	1
2025.09.17	18:00:00	30.40	30.48	30.27	30.34	2401	1221930	1
2025.09.17	18:30:00	30.34	30.51	30.30	30.37	1986	777383	1
2025.09.17	19:00:00	30.37	30.41	30.25	30.39	1858	830196	1
2025.09.17	19:30:00	30.39	30.40	30.17	30.21	1790	876814	1
2025.09.17	20:00:00	30.22	30.35	30.21	30.34	1144	617799	1
2025.09.17	20:30:00	30.35	30.60	30.35	30.60	2234	1190711	1
2025.09.17	21:00:00	30.58	31.24	29.58	30.52	18317	7550959	1
2025.09.17	21:30:00	30.54	30.62	29.16	30.06	15066	5094416	1
2025.09.17	22:00:00	30.04	30.80	29.98	30.65	10535	3932597	1
2025.09.17	22:30:00	30.65	30.78	30.38	30.45	10116	4260266	1
2025.09.17	23:00:00	30.46	30.46	30.45	30.45	2	4700	1
2025.09.18	16:30:00	32.76	33.13	32.43	33.05	19437	8118755	1
2025.09.18	17:00:00	33.04	34.02	33.03	33.97	11668	5956577	1
2025.09.18	17:30:00	33.98	34.08	33.38	33.39	7203	3745561	1
2025.09.18	18:00:00	33.40	34.14	33.36	33.83	7950	4127492	1
2025.09.18	18:30:00	33.84	34.04	33.76	33.93	3851	1654622	1
2025.09.18	19:00:00	33.93	34.09	33.84	34.08	3435	1610133	1
2025.09.18	19:30:00	34.08	34.14	33.99	34.00	3394	1416856	1
2025.09.18	20:00:00	33.98	34.11	33.66	33.73	4159	1848314	1
2025.09.18	20:30:00	33.74	33.75	33.42	33.51	3193	1474143	1
2025.09.18	21:00:00	33.51	33.68	33.42	33.56	1972	1046870	1
2025.09.18	21:30:00	33.56	33.83	33.53	33.80	2099	1073731	1
2025.09.18	22:00:00	33.80	33.94	33.63	33.66	2831	1420584	1
2025.09.18	22:30:00	33.66	33.90	33.59	33.62	9643	5031384	1
2025.09.19	16:30:00	33.53	33.56	32.63	32.69	14929	5785636	1
2025.09.19	17:00:00	32.69	32.85	32.58	32.72	7750	2962750	1
2025.09.19	17:30:00	32.71	32.84	32.35	32.57	5959	2687972	1
2025.09.19	18:00:00	32.56	32.65	32.19	32.22	4785	2048488	1
2025.09.19	18:30:00	32.21	32.64	32.12	32.64	4547	2504079	1
2025.09.19	19:00:00	32.63	32.88	32.62	32.85	3541	1909105	1
2025.09.19	19:30:00	32.85	32.87	32.68	32.79	2148	1047592	1
2025.09.19	20:00:00	32.79	32.80	32.62	32.71	1866	1003630	1
2025.09.19	20:30:00	32.70	32.90	32.70	32.85	1830	863361	1
2025.09.19	21:00:00	32.84	32.93	32.80	32.81	1430	637506	1
2025.09.19	21:30:00	32.80	32.92	32.75	32.87	1411	797660	1
2025.09.19	22:00:00	32.86	32.98	32.79	32.95	1428	1114780	1
2025.09.19	22:30:00	32.95	33.05	32.82	32.97	6878	3443674	1
2025.09.19	23:00:00	32.98	32.99	32.98	32.99	6	966	1
2025.09.22	16:30:00	33.88	34.10	33.85	34.08	549	231788	1
2025.09.22	17:00:00	34.08	34.23	33.67	33.82	6685	2855168	1
2025.09.22	17:30:00	33.82	34.14	33.70	34.11	4283	1842279	1
2025.09.22	18:00:00	34.11	34.21	34.04	34.11	3592	1512130	1
2025.09.22	18:30:00	34.11	34.11	33.95	34.02	1755	885388	1
2025.09.22	19:00:00	34.02	34.66	34.02	34.51	6958	2941359	1
2025.09.22	19:30:00	34.50	34.69	34.44	34.63	3918	1991357	1
2025.09.22	20:00:00	34.64	34.69	34.49	34.52	2612	1166298	1
2025.09.22	20:30:00	34.51	34.70	34.41	34.61	1990	1698839	1
2025.09.22	21:00:00	34.62	34.74	34.58	34.68	1465	804380	1
2025.09.22	21:30:00	34.68	34.72	34.58	34.63	1631	943063	1
2025.09.22	22:00:00	34.63	34.72	34.55	34.60	1745	1001449	1
2025.09.22	22:30:00	34.60	34.63	34.36	34.43	5917	3266679	1
2025.09.22	23:00:00	34.43	34.43	34.43	34.43	2	1200	1
2025.09.23	16:30:00	34.69	35.14	34.40	35.04	12306	4335311	1
2025.09.23	17:00:00	35.05	35.29	34.87	35.12	7014	2761039	1
2025.09.23	17:30:00	35.13	35.19	34.96	35.00	4007	1501816	1
2025.09.23	18:00:00	35.01	35.17	34.90	35.13	3010	1279231	1
2025.09.23	18:30:00	35.12	35.15	34.92	34.96	2684	1152066	1
2025.09.23	19:00:00	34.96	35.00	34.75	34.87	3070	1299520	1
2025.09.23	19:30:00	34.87	35.01	34.78	34.84	2814	1000184	1
2025.09.23	20:00:00	34.84	34.90	34.46	34.46	3417	1568450	1
2025.09.23	20:30:00	34.45	34.52	33.66	34.11	7310	3161724	1
2025.09.23	21:00:00	34.11	34.23	33.78	34.00	3560	1292332	1
2025.09.23	21:30:00	34.00	34.16	33.97	34.04	2585	985301	1
2025.09.23	22:00:00	34.04	34.22	33.98	34.04	2570	1135896	1
2025.09.23	22:30:00	34.04	34.45	34.01	34.32	8031	3119349	1
2025.09.24	16:30:00	33.95	34.13	33.50	34.08	11628	3897051	1
2025.09.24	17:00:00	34.08	34.22	33.86	34.00	4912	1737601	1
2025.09.24	17:30:00	34.00	34.29	33.84	34.16	3298	1218363	1
2025.09.24	18:00:00	34.17	34.39	34.02	34.32	2455	1002413	1
2025.09.24	18:30:00	34.31	34.39	33.34	33.37	4614	2183355	1
2025.09.24	19:00:00	33.37	33.51	32.81	33.48	7210	3267035	1
2025.09.24	19:30:00	33.48	33.68	33.35	33.64	2604	1121014	1
2025.09.24	20:00:00	33.65	34.16	33.61	34.02	3887	1448806	1
2025.09.24	20:30:00	34.04	34.24	33.97	34.14	2704	954782	1
2025.09.24	21:00:00	34.13	34.28	34.00	34.21	2197	912087	1
2025.09.24	21:30:00	34.21	34.34	34.17	34.28	2056	793006	1
2025.09.24	22:00:00	34.28	34.28	34.11	34.12	1668	717244	1
2025.09.24	22:30:00	34.12	34.28	33.97	34.15	6906	2857074	1
2025.09.25	16:30:00	32.44	32.60	31.36	31.87	20638	7935698	1
2025.09.25	17:00:00	31.88	33.20	31.82	33.01	13024	5314576	1
2025.09.25	17:30:00	33.02	33.29	32.91	33.07	4783	1780283	1
2025.09.25	18:00:00	33.06	33.40	32.88	32.92	3990	1713918	1
2025.09.25	18:30:00	32.92	34.06	32.92	33.96	5699	2373826	1
2025.09.25	19:00:00	33.96	34.03	33.57	33.57	3619	1504807	1
2025.09.25	19:30:00	33.57	33.90	33.55	33.75	2809	1030299	1
2025.09.25	20:00:00	33.75	33.85	33.30	33.53	3149	1251052	1
2025.09.25	20:30:00	33.54	33.62	33.00	33.04	2851	1265683	1
2025.09.25	21:00:00	33.03	33.60	32.59	33.53	4846	2268965	1
2025.09.25	21:30:00	33.53	33.81	33.42	33.71	2822	1153103	1
2025.09.25	22:00:00	33.71	33.77	33.45	33.52	1960	980302	1
2025.09.25	22:30:00	33.52	34.00	33.52	33.82	6212	2342825	1
2025.09.26	16:30:00	33.91	34.10	33.43	33.92	11498	4346393	1
2025.09.26	17:00:00	33.91	34.05	32.83	33.13	8998	3526720	1
2025.09.26	17:30:00	33.12	33.38	32.91	33.06	5986	2416862	1
2025.09.26	18:00:00	33.07	33.39	32.96	33.39	3592	1546515	1
2025.09.26	18:30:00	33.40	33.56	33.18	33.42	2597	1172735	1
2025.09.26	19:00:00	33.41	33.86	33.32	33.70	3344	1449332	1
2025.09.26	19:30:00	33.70	34.04	33.64	34.01	3089	1523989	1
2025.09.26	20:00:00	34.01	34.14	33.91	34.07	2448	1172338	1
2025.09.26	20:30:00	34.07	34.12	33.85	34.03	1898	847035	1
2025.09.26	21:00:00	34.03	34.23	33.89	34.15	1764	817946	1
2025.09.26	21:30:00	34.15	34.18	33.88	33.98	1879	871331	1
2025.09.26	22:00:00	33.98	34.06	33.89	34.00	2039	839199	1
2025.09.26	22:30:00	33.99	34.11	33.88	33.99	5510	2301137	1
2025.09.29	16:30:00	35.05	35.42	34.97	35.29	11962	4928551	1
2025.09.29	17:00:00	35.30	35.45	35.16	35.37	5253	2634040	1
2025.09.29	17:30:00	35.37	35.49	35.13	35.19	4281	2030005	1
2025.09.29	18:00:00	35.19	35.25	34.85	34.97	4355	2258683	1
2025.09.29	18:30:00	34.97	35.00	34.66	34.80	3172	1471118	1
2025.09.29	19:00:00	34.81	34.85	34.56	34.72	2776	1570982	1
2025.09.29	19:30:00	34.72	34.77	34.52	34.61	2029	934168	1
2025.09.29	20:00:00	34.61	34.66	34.44	34.60	2096	1081627	1
2025.09.29	20:30:00	34.60	34.73	34.50	34.65	1838	793353	1
2025.09.29	21:00:00	34.65	34.68	34.53	34.53	1657	736205	1
2025.09.29	21:30:00	34.53	34.56	34.29	34.37	2074	1150424	1
2025.09.29	22:00:00	34.36	34.38	34.03	34.10	2545	1413653	1
2025.09.29	22:30:00	34.11	34.28	33.99	34.00	4894	2567377	1
2025.09.30	16:30:00	34.04	34.66	33.92	34.55	8760	3719550	1
2025.09.30	17:00:00	34.55	34.70	34.29	34.63	5456	2383264	1
2025.09.30	17:30:00	34.63	34.86	34.45	34.62	4583	2231462	1
2025.09.30	18:00:00	34.63	34.67	34.03	34.20	3681	1836098	1
2025.09.30	18:30:00	34.19	34.30	33.91	34.17	3649	1914161	1
2025.09.30	19:00:00	34.16	34.33	33.96	34.11	2214	1012913	1
2025.09.30	19:30:00	34.12	34.20	33.88	33.90	1625	789120	1
2025.09.30	20:00:00	33.89	33.97	33.61	33.68	2210	1230095	1
2025.09.30	20:30:00	33.68	33.94	33.58	33.83	2206	1127289	1
2025.09.30	21:00:00	33.83	34.11	33.81	34.04	1591	864822	1
2025.09.30	21:30:00	34.03	34.15	33.93	34.13	1392	735564	1
2025.09.30	22:00:00	34.13	34.47	34.11	34.46	2965	1413352	1
2025.09.30	22:30:00	34.46	34.95	34.29	34.86	9700	5260058	1
2025.10.01	16:30:00	34.16	34.63	33.98	34.38	10162	3934658	1
2025.10.01	17:00:00	34.38	35.26	34.32	35.20	7293	3367587	1
2025.10.01	17:30:00	35.21	35.71	35.20	35.26	8195	3712448	1
2025.10.01	18:00:00	35.26	35.48	35.05	35.22	3838	1815990	1
2025.10.01	18:30:00	35.23	35.69	35.18	35.67	3696	1659601	1
2025.10.01	19:00:00	35.67	35.82	35.58	35.72	3328	1374117	1
2025.10.01	19:30:00	35.71	35.82	35.61	35.80	2377	988173	1
2025.10.01	20:00:00	35.80	35.96	35.73	35.90	2526	1209930	1
2025.10.01	20:30:00	35.90	36.10	35.75	36.05	3320	1450068	1
2025.10.01	21:00:00	36.05	36.32	36.01	36.03	4451	1799763	1
2025.10.01	21:30:00	36.03	36.21	35.98	36.02	2294	811618	1
2025.10.01	22:00:00	36.02	36.34	35.91	36.33	3399	1539431	1
2025.10.01	22:30:00	36.33	36.98	36.31	36.86	8054	3910084	1
2025.10.01	23:00:00	36.85	36.85	36.85	36.85	1	200	2
2025.10.02	16:30:00	38.98	39.10	38.14	38.70	18108	6524279	1
2025.10.02	17:00:00	38.65	38.95	38.44	38.81	7763	2968006	1
2025.10.02	17:30:00	38.82	38.86	38.22	38.36	5049	2147401	1
2025.10.02	18:00:00	38.34	38.77	38.24	38.68	3850	1676259	1
2025.10.02	18:30:00	38.68	39.03	38.41	38.87	3634	1906299	1
2025.10.02	19:00:00	38.86	39.08	38.72	38.95	3347	1462902	1
2025.10.02	19:30:00	38.95	39.04	38.78	39.01	2602	1072476	1
2025.10.02	20:00:00	39.01	39.12	38.88	39.03	2235	1076168	1
2025.10.02	20:30:00	39.04	39.20	38.99	39.02	1859	1057881	1
2025.10.02	21:00:00	39.00	39.10	38.98	39.04	2516	1116192	1
2025.10.02	21:30:00	39.04	39.19	38.98	39.14	2064	837542	1
2025.10.02	22:00:00	39.14	39.31	39.02	39.30	3149	1381260	1
2025.10.02	22:30:00	39.30	39.31	38.98	39.03	6539	3190996	1
2025.10.02	23:00:00	39.03	39.03	39.03	39.03	1	100	2
2025.10.03	16:30:00	39.48	40.06	39.25	39.31	13573	4780047	1
2025.10.03	17:00:00	39.30	39.50	38.98	39.45	7815	3046314	1
2025.10.03	17:30:00	39.44	39.80	39.27	39.70	3844	1868674	1
2025.10.03	18:00:00	39.71	39.73	39.50	39.65	2919	1360814	1
2025.10.03	18:30:00	39.64	39.66	39.30	39.52	2666	1460618	1
2025.10.03	19:00:00	39.52	39.61	39.41	39.59	1536	806116	1
2025.10.03	19:30:00	39.59	39.67	39.41	39.51	1413	696730	1
2025.10.03	20:00:00	39.50	39.50	38.77	38.77	4618	2740522	1
2025.10.03	20:30:00	38.77	39.01	37.62	38.11	9071	3884241	1
2025.10.03	21:00:00	38.11	38.63	37.73	38.56	5493	2706608	1
2025.10.03	21:30:00	38.57	38.60	38.12	38.38	2772	1386835	1
2025.10.03	22:00:00	38.38	38.54	38.29	38.36	1941	958324	1
2025.10.03	22:30:00	38.35	38.56	38.13	38.23	7036	3157642	1
2025.10.06	16:30:00	42.83	43.37	42.21	42.65	21371	6730217	1
2025.10.06	17:00:00	42.65	42.84	42.27	42.60	12083	4077158	1
2025.10.06	17:30:00	42.60	42.69	42.12	42.45	10111	3264523	1
2025.10.06	18:00:00	42.47	42.90	42.36	42.70	5632	2301105	1
2025.10.06	18:30:00	42.70	43.01	42.65	42.95	4172	1822085	1
2025.10.06	19:00:00	42.97	43.07	42.67	43.03	4155	1644688	1
2025.10.06	19:30:00	43.04	43.04	42.73	42.85	2924	1441304	1
2025.10.06	20:00:00	42.85	43.11	42.78	42.95	2939	1219753	1
2025.10.06	20:30:00	42.95	42.96	42.76	42.91	2893	1000861	1
2025.10.06	21:00:00	42.92	43.01	42.60	42.67	3248	1349120	1
2025.10.06	21:30:00	42.68	42.71	42.45	42.57	2316	905693	1
2025.10.06	22:00:00	42.57	42.57	42.22	42.23	3558	1476751	1
2025.10.06	22:30:00	42.23	42.23	41.66	41.69	9391	3726989	1
2025.10.06	23:00:00	41.69	41.69	41.69	41.69	1	300	1
2025.10.07	16:30:00	42.79	43.01	42.40	42.46	12032	3808704	1
2025.10.07	17:00:00	42.45	42.49	41.73	41.90	8325	2888754	1
2025.10.07	17:30:00	41.91	41.99	41.05	41.14	9128	3064244	1
2025.10.07	18:00:00	41.14	41.26	39.85	39.99	15638	5971287	1
2025.10.07	18:30:00	39.98	40.05	38.83	39.40	15641	6236202	1
2025.10.07	19:00:00	39.41	39.85	38.88	39.22	9748	3608329	1
2025.10.07	19:30:00	39.23	39.91	39.21	39.45	6369	2615523	1
2025.10.07	20:00:00	39.47	39.83	39.40	39.59	3589	1584816	1
2025.10.07	20:30:00	39.57	39.59	38.90	38.91	4154	1794270	1
2025.10.07	21:00:00	38.92	39.28	38.70	39.14	5277	2133049	1
2025.10.07	21:30:00	39.14	39.30	39.04	39.29	3484	1370774	1
2025.10.07	22:00:00	39.28	39.36	38.93	39.04	4958	1753812	1
2025.10.07	22:30:00	39.03	39.22	38.78	38.84	9351	3488790	1
2025.10.07	23:00:00	38.85	38.85	38.85	38.85	1	200	4
2025.10.08	16:30:00	38.86	40.49	38.68	40.36	14693	5148511	1
2025.10.08	17:00:00	40.36	40.70	40.08	40.69	10248	4024421	1
2025.10.08	17:30:00	40.68	40.96	40.52	40.96	5157	1893347	1
2025.10.08	18:00:00	40.96	41.54	40.88	41.42	6608	2812621	1
2025.10.08	18:30:00	41.42	41.83	41.41	41.70	4982	2249438	1
2025.10.08	19:00:00	41.70	41.87	41.58	41.62	4027	1557070	1
2025.10.08	19:30:00	41.62	41.74	41.47	41.71	3821	1679494	1
2025.10.08	20:00:00	41.72	41.94	41.59	41.87	2987	1359576	1
2025.10.08	20:30:00	41.87	42.05	41.77	41.98	2922	1034746	1
2025.10.08	21:00:00	41.98	42.19	41.84	41.90	3564	1449258	1
2025.10.08	21:30:00	41.90	42.18	41.87	41.89	3053	1270849	1
2025.10.08	22:00:00	41.89	42.46	41.86	42.43	3486	1620552	1
2025.10.08	22:30:00	42.41	42.94	42.38	42.82	9324	3668007	1
2025.10.08	23:00:00	42.83	42.83	42.83	42.83	1	400	3
2025.10.09	16:30:00	42.58	42.84	42.06	42.41	12808	4848156	1
2025.10.09	17:00:00	42.40	42.48	42.03	42.14	5895	2120284	1
2025.10.09	17:30:00	42.13	42.14	41.33	42.06	8090	3551417	1
2025.10.09	18:00:00	42.09	42.39	41.52	41.58	5070	2048988	1
2025.10.09	18:30:00	41.58	42.25	41.54	42.08	3392	1519883	1
2025.10.09	19:00:00	42.09	42.27	41.92	42.04	2312	1072205	1
2025.10.09	19:30:00	42.03	42.10	41.48	41.49	4701	1844982	1
2025.10.09	20:00:00	41.49	41.76	41.03	41.11	4470	2100484	1
2025.10.09	20:30:00	41.12	41.53	41.01	41.50	3615	1589869	1
2025.10.09	21:00:00	41.50	41.73	41.25	41.59	3817	1527832	1
2025.10.09	21:30:00	41.59	41.70	41.43	41.59	1739	642153	1
2025.10.09	22:00:00	41.60	41.80	41.53	41.72	2858	982767	1
2025.10.09	22:30:00	41.72	42.25	41.72	42.25	7265	3100686	1
2025.10.09	23:00:00	42.25	42.25	42.25	42.25	3	7700	1
2025.10.10	16:30:00	42.50	42.83	41.77	42.06	13747	4443308	1
2025.10.10	17:00:00	42.07	42.24	41.48	42.15	7489	2525354	1
2025.10.10	17:30:00	42.16	42.41	40.58	41.02	13638	3870201	1
2025.10.10	18:00:00	41.01	41.05	37.52	37.73	52541	18155516	1
2025.10.10	18:30:00	37.71	38.26	36.10	37.64	46284	18663945	1
2025.10.10	19:00:00	37.63	37.80	37.10	37.29	18274	6440949	1
2025.10.10	19:30:00	37.27	37.63	36.50	36.53	13427	4789080	1
2025.10.10	20:00:00	36.52	37.28	36.02	37.24	14620	6186631	1
2025.10.10	20:30:00	37.23	37.60	36.68	36.88	10867	4270214	1
2025.10.10	21:00:00	36.89	37.01	36.50	36.51	7325	2931874	1
2025.10.10	21:30:00	36.52	36.65	35.80	35.85	10502	4268824	1
2025.10.10	22:00:00	35.85	36.32	35.22	35.32	13105	5130641	1
2025.10.10	22:30:00	35.33	35.59	34.16	34.20	24080	9860684	1
2025.10.13	16:30:00	38.22	38.73	37.37	38.68	25851	8963503	1
2025.10.13	17:00:00	38.68	38.87	37.82	38.15	13813	4310691	1
2025.10.13	17:30:00	38.17	38.73	38.00	38.15	9937	2873030	1
2025.10.13	18:00:00	38.16	38.97	38.05	38.76	8350	2543773	1
2025.10.13	18:30:00	38.76	39.13	38.74	39.08	5171	1621893	1
2025.10.13	19:00:00	39.09	39.25	38.85	39.17	6008	1778691	1
2025.10.13	19:30:00	39.17	39.47	39.11	39.40	4595	1736046	1
2025.10.13	20:00:00	39.41	39.43	38.80	38.85	5084	1873239	1
2025.10.13	20:30:00	38.85	39.14	38.70	39.13	4394	1576126	1
2025.10.13	21:00:00	39.13	39.25	38.98	39.24	2757	890820	1
2025.10.13	21:30:00	39.24	39.33	38.90	38.96	2757	911000	1
2025.10.13	22:00:00	38.96	39.24	38.88	39.03	2820	1147109	1
2025.10.13	22:30:00	39.02	39.27	38.87	39.13	8585	3030805	1
2025.10.13	23:00:00	39.15	39.15	39.15	39.15	1	720	5
2025.10.14	16:30:00	36.51	37.09	35.95	36.77	24746	7814463	1
2025.10.14	17:00:00	36.76	37.98	36.47	37.84	11846	4229117	1
2025.10.14	17:30:00	37.82	37.92	37.12	37.16	9812	3556667	1
2025.10.14	18:00:00	37.22	37.73	37.16	37.39	4708	2076004	1
2025.10.14	18:30:00	37.40	38.16	37.28	37.91	6734	2449740	1
2025.10.14	19:00:00	37.92	38.56	37.66	38.49	5049	1877387	1
2025.10.14	19:30:00	38.49	38.93	38.49	38.56	5972	2189694	1
2025.10.14	20:00:00	38.55	39.00	38.27	38.89	4897	1809219	1
2025.10.14	20:30:00	38.90	38.96	38.60	38.66	3928	1402678	1
2025.10.14	21:00:00	38.66	38.70	38.39	38.57	3230	1119405	1
2025.10.14	21:30:00	38.58	38.70	38.31	38.49	2596	934803	1
2025.10.14	22:00:00	38.50	38.76	38.50	38.56	2834	1246469	1
2025.10.14	22:30:00	38.55	38.58	36.52	36.62	21632	6002615	1
2025.10.14	23:00:00	36.62	36.62	36.62	36.62	1	130	10
2025.10.15	16:30:00	39.55	39.55	38.24	39.12	13596	5657036	1
2025.10.15	17:00:00	39.14	39.82	39.09	39.79	10134	3665016	1
2025.10.15	17:30:00	39.81	40.10	39.58	39.98	8492	2540274	1
2025.10.15	18:00:00	39.99	40.17	39.72	39.99	8691	2334048	1
2025.10.15	18:30:00	40.00	40.04	38.73	39.28	9035	3274993	1
2025.10.15	19:00:00	39.29	39.85	39.10	39.67	7342	2425513	1
2025.10.15	19:30:00	39.67	39.68	39.26	39.35	2855	917748	1
2025.10.15	20:00:00	39.35	39.35	37.71	38.44	10591	3708184	1
2025.10.15	20:30:00	38.43	39.63	38.36	39.59	6179	2508703	1
2025.10.15	21:00:00	39.57	39.75	39.19	39.55	3675	1320431	1
2025.10.15	21:30:00	39.56	39.99	39.50	39.94	3161	1280618	1
2025.10.15	22:00:00	39.94	40.12	39.71	40.11	3824	1579539	1
2025.10.15	22:30:00	40.11	40.14	39.68	40.02	11083	3560826	1
2025.10.15	23:00:00	40.00	40.00	40.00	40.00	86	168333	1
2025.10.16	16:30:00	41.41	41.77	40.39	40.64	15417	5245981	1
2025.10.16	17:00:00	40.66	41.61	40.65	41.38	7520	3053333	1
2025.10.16	17:30:00	41.40	41.92	41.33	41.39	7140	2530967	1
2025.10.16	18:00:00	41.41	41.87	41.11	41.26	4360	1601669	1
2025.10.16	18:30:00	41.22	41.52	40.60	40.83	5654	2255726	1
2025.10.16	19:00:00	40.80	41.16	40.21	40.28	5974	2160492	1
2025.10.16	19:30:00	40.29	40.92	39.34	40.88	9627	3580154	1
2025.10.16	20:00:00	40.88	41.16	40.15	41.00	7126	2353735	1
2025.10.16	20:30:00	40.98	41.13	40.39	40.73	4989	1570487	1
2025.10.16	21:00:00	40.69	40.76	39.34	39.56	6584	2114919	1
2025.10.16	21:30:00	39.55	40.47	39.28	40.45	5565	2259226	1
2025.10.16	22:00:00	40.47	40.49	39.51	39.84	5274	1972926	1
2025.10.16	22:30:00	39.85	40.60	39.73	40.58	7456	2546044	1
2025.10.16	23:00:00	40.57	40.57	40.57	40.57	3	674	1
2025.10.17	16:30:00	39.60	40.45	38.91	40.10	15038	5024021	1
2025.10.17	17:00:00	40.10	40.80	39.75	40.27	8424	3152961	1
2025.10.17	17:30:00	40.29	40.30	39.02	39.15	9273	3674109	1
2025.10.17	18:00:00	39.14	39.71	38.33	38.70	9112	3307701	1
2025.10.17	18:30:00	38.72	39.78	38.32	39.52	7602	2940900	1
2025.10.17	19:00:00	39.53	40.03	39.50	39.93	5104	1844654	1
2025.10.17	19:30:00	39.93	40.07	39.24	39.51	4563	1862338	1
2025.10.17	20:00:00	39.50	39.60	39.04	39.18	3005	1127072	1
2025.10.17	20:30:00	39.20	39.70	38.98	39.61	4131	1561770	1
2025.10.17	21:00:00	39.61	40.05	39.51	39.97	3825	1521949	1
2025.10.17	21:30:00	39.97	40.07	39.82	39.96	3152	1297448	1
2025.10.17	22:00:00	39.96	40.51	39.95	40.32	3962	1806391	1
2025.10.17	22:30:00	40.31	40.35	40.09	40.18	8712	3088371	1
2025.10.17	23:00:00	40.18	40.19	40.18	40.19	2	2434	1
2025.10.20	16:30:00	41.26	42.49	41.13	42.30	15668	5143936	1
2025.10.20	17:00:00	42.31	42.72	42.04	42.70	7909	3115722	1
2025.10.20	17:30:00	42.70	43.04	42.54	42.82	6984	2300039	1
2025.10.20	18:00:00	42.83	42.94	42.66	42.79	4031	1417809	1
2025.10.20	18:30:00	42.80	42.83	42.46	42.54	3969	1472691	1
2025.10.20	19:00:00	42.54	42.74	42.47	42.64	2988	1120168	1
2025.10.20	19:30:00	42.64	42.66	42.49	42.58	1967	775397	1
2025.10.20	20:00:00	42.57	42.75	42.54	42.59	2320	743553	1
2025.10.20	20:30:00	42.59	42.74	42.53	42.55	1923	645616	1
2025.10.20	21:00:00	42.54	42.60	42.27	42.33	2741	1194858	1
2025.10.20	21:30:00	42.33	42.46	42.20	42.37	2532	1021282	1
2025.10.20	22:00:00	42.38	42.41	42.18	42.36	3003	968546	1
2025.10.20	22:30:00	42.36	42.50	42.11	42.15	9983	3550236	1
2025.10.20	23:00:00	42.14	42.14	42.14	42.14	22	318447	1
2025.10.21	16:30:00	41.80	41.99	40.78	40.90	11191	4179716	1
2025.10.21	17:00:00	40.88	41.54	40.59	40.73	7577	3383765	1
2025.10.21	17:30:00	40.74	41.45	40.52	41.41	5441	2378184	1
2025.10.21	18:00:00	41.42	41.56	41.28	41.49	3586	1292481	1
2025.10.21	18:30:00	41.49	41.80	41.28	41.78	3105	1367830	1
2025.10.21	19:00:00	41.78	42.02	41.75	41.96	3378	1177582	1
2025.10.21	19:30:00	41.96	42.00	41.33	41.40	3300	1206730	1
2025.10.21	20:00:00	41.40	41.65	41.10	41.37	4058	1427788	1
2025.10.21	20:30:00	41.37	41.63	41.26	41.62	1898	779012	1
2025.10.21	21:00:00	41.62	41.63	41.36	41.56	1915	676743	1
2025.10.21	21:30:00	41.56	41.62	41.48	41.50	1605	527800	1
2025.10.21	22:00:00	41.50	41.57	41.42	41.45	1421	468901	1
2025.10.21	22:30:00	41.45	41.94	41.42	41.46	7731	2674639	1
2025.10.21	23:00:00	41.45	41.46	41.45	41.46	8	971	1
2025.10.22	16:30:00	40.08	40.76	39.63	40.57	12251	3931160	1
2025.10.22	17:00:00	40.57	40.81	38.90	38.94	10043	3318814	1
2025.10.22	17:30:00	38.95	39.24	37.90	39.11	21502	7182471	1
2025.10.22	18:00:00	39.11	39.28	37.62	37.75	10314	3505262	1
2025.10.22	18:30:00	37.76	38.76	37.50	38.48	10985	3967577	1
2025.10.22	19:00:00	38.48	38.55	37.72	37.83	6234	1956398	1
2025.10.22	19:30:00	37.85	38.02	36.90	37.66	12951	4390801	1
2025.10.22	20:00:00	37.67	37.82	36.70	36.90	8014	2980187	1
2025.10.22	20:30:00	36.90	37.10	35.96	36.51	10237	3956337	1
2025.10.22	21:00:00	36.50	37.03	36.10	36.78	7203	2815130	1
2025.10.22	21:30:00	36.79	37.46	36.62	37.46	5861	2461785	1
2025.10.22	22:00:00	37.45	38.00	37.33	37.95	8646	3397210	1
2025.10.22	22:30:00	37.95	38.47	37.95	38.38	11570	4941287	1
2025.10.23	16:30:00	37.71	40.37	37.67	40.26	22384	7457009	1
2025.10.23	17:00:00	40.30	40.40	39.56	40.25	11208	3614636	1
2025.10.23	17:30:00	40.24	40.70	40.16	40.52	7481	2516878	1
2025.10.23	18:00:00	40.52	40.61	40.25	40.47	4364	1510792	1
2025.10.23	18:30:00	40.48	41.06	40.29	40.91	5833	2048097	1
2025.10.23	19:00:00	40.91	41.21	40.81	40.90	4552	1960400	1
2025.10.23	19:30:00	40.90	41.18	40.87	41.08	2797	1113184	1
2025.10.23	20:00:00	41.09	41.10	40.57	40.77	3834	1258462	1
2025.10.23	20:30:00	40.77	41.33	40.75	41.26	3243	1342318	1
2025.10.23	21:00:00	41.26	41.26	41.03	41.21	2411	838494	1
2025.10.23	22:00:00	41.30	41.47	41.25	41.38	2485	894066	1
2025.10.23	22:30:00	41.36	41.36	40.85	41.16	7952	2903165	1
2025.10.23	23:00:00	41.17	41.17	41.16	41.16	2	500	1
2025.10.24	16:30:00	43.42	44.15	43.05	43.43	21413	6785782	1
2025.10.24	17:00:00	43.41	43.67	43.10	43.31	9044	2871472	1
2025.10.24	17:30:00	43.30	43.91	42.96	43.30	8241	2814561	1
2025.10.24	18:00:00	43.32	43.73	43.23	43.58	4740	1577511	1
2025.10.24	18:30:00	43.59	43.71	43.36	43.52	3723	1163119	1
2025.10.24	19:00:00	43.51	43.81	43.49	43.52	3446	1200932	1
2025.10.24	19:30:00	43.51	43.80	43.47	43.74	2666	1051995	1
2025.10.24	20:00:00	43.72	43.86	43.66	43.71	2611	896266	1
2025.10.24	20:30:00	43.70	43.81	43.65	43.68	2013	679188	1
2025.10.24	21:00:00	43.68	43.77	43.44	43.50	2842	1029778	1
2025.10.24	21:30:00	43.48	43.59	43.26	43.48	3163	1217907	1
2025.10.24	22:00:00	43.48	43.75	43.47	43.66	3434	1364659	1
2025.10.24	22:30:00	43.66	43.77	43.11	43.16	11926	3562559	1
2025.10.27	15:30:00	45.50	45.90	45.13	45.69	17901	5727702	1
2025.10.27	16:00:00	45.68	46.67	45.61	46.67	15392	4752571	1
2025.10.27	16:30:00	46.67	47.15	46.36	46.48	11869	3799045	1
2025.10.27	17:00:00	46.48	47.14	46.29	46.67	8546	2790840	1
2025.10.27	17:30:00	46.69	46.88	46.61	46.72	4015	1435437	1
2025.10.27	18:00:00	46.69	46.77	46.40	46.52	3694	1196736	1
2025.10.27	18:30:00	46.53	46.60	46.34	46.58	3365	1123666	1
2025.10.27	19:00:00	46.58	46.59	46.16	46.39	3040	1111030	1
2025.10.27	19:30:00	46.41	46.59	46.36	46.47	2241	873035	1
2025.10.27	20:00:00	46.46	46.56	46.36	46.45	2107	796801	1
2025.10.27	20:30:00	46.45	46.63	46.31	46.62	2280	747632	1
2025.10.27	21:00:00	46.62	46.69	46.43	46.64	2378	800841	1
2025.10.27	21:30:00	46.64	46.99	46.54	46.83	7506	2338740	1
2025.10.28	15:30:00	46.45	46.94	45.94	46.34	15079	4531130	1
2025.10.28	16:00:00	46.33	46.76	46.33	46.39	7275	2165320	1
2025.10.28	16:30:00	46.39	46.51	46.11	46.23	4235	1335215	1
2025.10.28	17:00:00	46.22	46.58	46.21	46.46	3323	1103818	1
2025.10.28	17:30:00	46.47	46.77	46.21	46.77	3436	1207453	1
2025.10.28	18:00:00	46.78	47.12	46.76	47.02	3582	1376112	1
2025.10.28	18:30:00	47.01	47.43	46.98	47.11	5611	1740163	1
2025.10.28	19:00:00	47.11	47.60	47.03	47.15	5311	1691214	1
2025.10.28	19:30:00	47.16	47.34	47.13	47.28	2506	972361	1
2025.10.28	20:00:00	47.28	47.31	47.04	47.20	2474	977386	1
2025.10.28	20:30:00	47.18	47.35	47.05	47.23	2331	963614	1
2025.10.28	21:00:00	47.23	47.41	47.05	47.28	3120	1107824	1
2025.10.28	21:30:00	47.28	47.40	46.89	46.90	6055	2192366	1
2025.10.28	22:00:00	46.90	46.91	46.88	46.91	15	2306	1
2025.10.29	15:30:00	49.39	50.76	49.39	50.64	24118	6195839	1
2025.10.29	16:00:00	50.66	50.70	49.62	50.12	11419	3327499	1
2025.10.29	16:30:00	50.12	50.32	49.76	49.98	6178	1867440	1
2025.10.29	17:00:00	49.98	50.39	49.89	50.26	4866	1510471	1
2025.10.29	17:30:00	50.26	50.28	49.76	49.85	3993	1234770	1
2025.10.29	18:00:00	49.85	49.93	49.31	49.91	5501	1875520	1
2025.10.29	18:30:00	49.90	50.17	49.87	50.00	3765	1136994	1
2025.10.29	19:00:00	50.02	50.13	49.61	49.68	2865	868841	1
2025.10.29	19:30:00	49.67	50.16	49.59	49.93	2903	1057014	1
2025.10.29	20:00:00	49.96	50.25	49.54	49.79	7648	2290167	1
2025.10.29	20:30:00	49.79	50.11	48.06	49.40	24949	6361205	1
2025.10.29	21:00:00	49.46	50.00	48.84	49.64	10526	2706639	1
2025.10.29	21:30:00	49.63	49.82	49.20	49.41	9799	2608356	1
2025.10.29	22:00:00	49.44	49.44	49.43	49.43	2	200	1
2025.10.30	15:30:00	48.49	49.67	47.57	49.59	27856	6812694	1
2025.10.30	16:00:00	49.59	49.97	48.09	48.32	14552	3834992	1
2025.10.30	16:30:00	48.32	48.93	47.64	48.11	8906	2614466	1
2025.10.30	17:00:00	48.11	48.65	48.07	48.51	4893	1545174	1
2025.10.30	17:30:00	48.53	48.59	47.69	47.92	5337	1658217	1
2025.10.30	18:00:00	47.92	48.66	47.80	48.52	4869	1461330	1
2025.10.30	18:30:00	48.51	48.89	48.24	48.67	4371	1275859	1
2025.10.30	19:00:00	48.68	48.75	48.07	48.61	4171	1239891	1
2025.10.30	19:30:00	48.61	48.75	48.19	48.57	4511	1288582	1
2025.10.30	20:00:00	48.57	48.69	48.17	48.27	3501	1044829	1
2025.10.30	20:30:00	48.28	48.62	48.23	48.50	3404	961614	1
2025.10.30	21:00:00	48.49	48.57	47.57	47.93	5491	1506247	1
2025.10.30	21:30:00	47.94	48.31	47.27	47.31	13941	4026351	1
2025.10.30	22:00:00	47.32	47.32	47.32	47.32	1	2400	13
2025.10.31	15:30:00	48.78	49.32	48.31	48.86	14334	3947583	1
2025.10.31	16:00:00	48.88	49.33	48.47	49.04	9999	2933274	1
2025.10.31	16:30:00	49.05	49.99	48.98	49.74	7303	2185296	1
2025.10.31	17:00:00	49.74	49.77	49.20	49.27	4780	1430676	1
2025.10.31	17:30:00	49.27	49.41	48.26	48.26	9089	2820243	1
2025.10.31	18:00:00	48.27	48.45	47.43	47.61	9156	3081702	1
2025.10.31	18:30:00	47.61	47.83	47.03	47.20	6604	2116562	1
2025.10.31	19:00:00	47.17	47.27	46.71	47.03	7167	2120437	1
2025.10.31	19:30:00	47.03	47.49	46.74	47.12	5787	2083250	1
2025.10.31	20:00:00	47.12	47.90	47.11	47.85	4829	1582428	1
2025.10.31	20:30:00	47.85	47.94	47.52	47.91	3809	1291894	1
2025.10.31	21:00:00	47.90	48.57	47.78	48.53	5021	1826183	1
2025.10.31	21:30:00	48.52	48.72	47.68	47.72	10703	3751597	1
2025.10.31	22:00:00	47.71	47.71	47.71	47.71	2	200	1
2025.11.03	16:30:00	49.50	50.18	48.68	49.04	14779	4258553	1
2025.11.03	17:00:00	49.05	49.16	48.12	48.33	8938	2964911	1
2025.11.03	17:30:00	48.33	49.27	48.03	49.05	8385	2754529	1
2025.11.03	18:00:00	49.05	49.13	48.41	48.47	7659	2339012	1
2025.11.03	18:30:00	48.46	48.96	48.33	48.85	3809	1268363	1
2025.11.03	19:00:00	48.87	49.13	48.54	48.83	3544	1117537	1
2025.11.03	19:30:00	48.82	49.15	48.82	49.01	2850	855585	1
2025.11.03	20:00:00	48.99	49.16	48.93	49.01	2235	700838	1
2025.11.03	20:30:00	49.03	49.11	48.75	48.79	2068	628697	1
2025.11.03	21:00:00	48.78	49.00	48.57	48.82	2875	801381	1
2025.11.03	21:30:00	48.82	48.96	48.49	48.77	2461	734623	1
2025.11.03	22:00:00	48.78	48.86	48.49	48.62	2268	682278	1
2025.11.03	22:30:00	48.63	48.80	48.37	48.56	5451	1721508	1
2025.11.03	23:00:00	48.55	48.55	48.55	48.55	1	430	6
2025.11.04	16:30:00	44.78	46.87	44.16	46.84	21005	7627858	1
2025.11.04	17:00:00	46.84	46.86	45.78	46.42	8900	3272296	1
2025.11.04	17:30:00	46.43	46.52	45.52	45.71	5442	2014634	1
2025.11.04	18:00:00	45.71	46.01	45.05	45.46	4971	2092519	1
2025.11.04	18:30:00	45.47	45.82	45.03	45.30	4296	1717009	1
2025.11.04	19:00:00	45.28	45.33	44.49	45.04	5144	1922408	1
2025.11.04	19:30:00	45.03	45.14	44.59	44.74	3498	1289761	1
2025.11.04	20:00:00	44.71	44.78	44.20	44.35	4737	1639255	1
2025.11.04	20:30:00	44.34	44.76	44.15	44.53	4235	1583482	1
2025.11.04	21:00:00	44.53	44.69	44.24	44.57	3594	1333015	1
2025.11.04	21:30:00	44.55	44.61	43.62	43.85	5718	2166637	1
2025.11.04	22:00:00	43.87	44.16	43.48	43.69	4563	1883667	1
2025.11.04	22:30:00	43.69	43.90	42.53	42.79	16218	5476362	1
2025.11.05	16:30:00	43.21	45.84	43.21	45.79	25863	8380665	1
2025.11.05	17:00:00	45.78	46.00	44.97	45.57	12474	4308652	1
2025.11.05	17:30:00	45.57	46.14	45.49	46.11	4625	1751248	1
2025.11.05	18:00:00	46.12	46.30	45.41	46.03	4771	1772888	1
2025.11.05	18:30:00	46.04	46.59	45.85	46.39	4608	1626261	1
2025.11.05	19:00:00	46.39	46.58	46.12	46.55	3105	1107812	1
2025.11.05	19:30:00	46.55	46.89	46.46	46.87	3866	1363598	1
2025.11.05	20:00:00	46.87	47.34	46.86	47.33	4422	1501779	1
2025.11.05	20:30:00	47.33	47.98	47.32	47.93	4776	1694164	1
2025.11.05	21:00:00	47.91	47.92	47.53	47.80	4604	1871840	1
2025.11.05	21:30:00	47.80	48.08	47.78	47.97	4091	1320792	1
2025.11.05	22:00:00	47.97	48.43	47.79	48.10	5013	1811023	1
2025.11.05	22:30:00	48.09	48.11	46.76	46.77	12293	3327598	1
2025.11.05	23:00:00	46.75	46.82	46.75	46.82	18	3764	1
2025.11.06	16:30:00	46.48	46.98	45.38	45.43	17193	5050060	1
2025.11.06	17:00:00	45.43	45.43	44.10	44.95	18333	5880211	1
2025.11.06	17:30:00	44.94	45.13	42.71	42.85	18556	6109511	1
2025.11.06	18:00:00	42.84	43.96	42.76	43.24	12537	3909159	1
2025.11.06	18:30:00	43.23	43.35	42.20	42.53	9815	3101703	1
2025.11.06	19:00:00	42.54	43.26	42.15	42.59	10090	2828228	1
2025.11.06	19:30:00	42.59	44.00	42.48	43.81	8443	2797125	1
2025.11.06	20:00:00	43.80	44.04	42.84	43.92	8503	2837202	1
2025.11.06	20:30:00	43.92	44.39	43.54	43.67	7420	2721757	1
2025.11.06	21:00:00	43.68	44.66	43.64	44.60	5966	2156193	1
2025.11.06	21:30:00	44.60	44.69	43.94	44.49	5690	2128126	1
2025.11.06	22:00:00	44.48	44.60	43.87	43.93	4602	1382514	1
2025.11.06	22:30:00	43.94	44.33	42.84	43.06	17071	5152394	1
2025.11.07	16:30:00	41.07	41.47	38.89	41.15	35421	11292599	1
2025.11.07	17:00:00	41.11	41.18	39.40	39.51	19896	6044663	1
2025.11.07	17:30:00	39.52	39.61	38.20	38.20	17629	6122325	1
2025.11.07	18:00:00	38.21	38.58	37.40	37.95	15695	5943158	1
2025.11.07	18:30:00	37.94	38.20	37.05	37.30	11543	4093885	1
2025.11.07	19:00:00	37.31	38.59	37.09	38.39	13889	4901747	1
2025.11.07	19:30:00	38.39	38.83	37.84	38.46	8322	3106622	1
2025.11.07	20:00:00	38.47	39.41	38.37	39.37	8604	3201750	1
2025.11.07	20:30:00	39.37	39.50	38.63	39.26	8085	2859617	1
2025.11.07	21:00:00	39.24	39.51	39.04	39.41	5635	2101529	1
2025.11.07	21:30:00	39.44	40.71	39.41	40.71	11375	3996509	1
2025.11.07	22:00:00	40.70	40.89	39.94	40.06	9725	3287611	1
2025.11.07	22:30:00	40.06	41.74	40.06	41.73	16241	5031884	1
2025.11.10	16:30:00	45.08	45.51	44.45	44.84	20602	7115222	1
2025.11.10	17:00:00	44.83	44.98	44.42	44.74	9942	3320332	1
2025.11.10	17:30:00	44.75	45.16	43.88	43.90	9679	3658343	1
2025.11.10	18:00:00	43.90	44.11	43.46	43.76	7295	2621099	1
2025.11.10	18:30:00	43.75	44.22	43.50	44.20	4675	1744415	1
2025.11.10	19:00:00	44.20	44.76	44.10	44.50	5699	2165756	1
2025.11.10	19:30:00	44.51	44.98	44.51	44.90	4004	1542337	1
2025.11.10	20:00:00	44.91	44.98	44.70	44.71	3062	1127103	1
2025.11.10	20:30:00	44.72	45.16	44.72	44.76	3512	1397321	1
2025.11.10	21:00:00	44.75	45.08	44.57	45.01	3382	1161169	1
2025.11.10	21:30:00	45.00	45.19	44.96	44.99	3140	1201779	1
2025.11.10	22:00:00	45.00	45.29	44.92	45.19	4104	1317881	1
2025.11.10	22:30:00	45.19	45.42	44.96	44.97	12428	3581754	1
2025.11.11	16:30:00	43.69	44.04	42.78	43.37	13488	4533702	1
2025.11.11	17:00:00	43.37	43.58	42.25	42.39	9993	3461947	1
2025.11.11	17:30:00	42.39	42.50	41.65	42.25	10350	3504705	1
2025.11.11	18:00:00	42.25	42.72	41.84	42.12	8275	2669281	1
2025.11.11	18:30:00	42.14	42.61	41.94	42.27	5193	1820751	1
2025.11.11	19:00:00	42.25	42.66	42.10	42.23	4809	1726264	1
2025.11.11	19:30:00	42.24	42.75	42.15	42.59	4147	1630372	1
2025.11.11	20:00:00	42.59	42.92	42.14	42.47	5609	2111804	1
2025.11.11	20:30:00	42.46	43.17	42.11	43.08	6513	2391793	1
2025.11.11	21:00:00	43.07	43.09	42.25	42.28	5595	1865722	1
2025.11.11	21:30:00	42.29	42.47	42.14	42.19	3210	1238145	1
2025.11.11	22:00:00	42.20	42.29	41.83	41.90	4109	1591600	1
2025.11.11	22:30:00	41.86	42.30	41.73	41.85	13514	4445243	1
2025.11.12	16:30:00	44.02	44.35	42.86	43.37	16557	5585210	1
2025.11.12	17:00:00	43.36	44.63	43.28	44.23	13594	4686990	1
2025.11.12	17:30:00	44.24	44.37	43.39	43.65	7652	2833067	1
2025.11.12	18:00:00	43.66	44.04	43.19	43.95	6575	2282279	1
2025.11.12	18:30:00	43.95	44.30	43.49	43.84	5518	2103338	1
2025.11.12	19:00:00	43.85	43.93	43.33	43.46	4197	1409739	1
2025.11.12	19:30:00	43.46	44.05	43.31	43.77	5520	1895487	1
2025.11.12	20:00:00	43.79	43.88	43.49	43.66	3203	963702	1
2025.11.12	20:30:00	43.66	43.93	43.46	43.61	3410	974797	1
2025.11.12	21:00:00	43.61	43.73	43.22	43.32	3150	1020445	1
2025.11.12	21:30:00	43.35	43.42	43.12	43.27	3739	1364498	1
2025.11.12	22:00:00	43.27	43.57	43.01	43.52	3335	1088646	1
2025.11.12	22:30:00	43.52	43.83	43.42	43.74	12299	3812046	1
2025.11.13	16:30:00	42.17	42.47	40.40	41.49	26234	7373224	1
2025.11.13	17:00:00	41.48	42.63	40.94	41.41	16597	5280073	1
2025.11.13	17:30:00	41.41	41.46	39.54	40.11	18085	5804392	1
2025.11.13	18:00:00	40.11	40.42	39.15	39.70	16189	4780055	1
2025.11.13	18:30:00	39.67	39.99	39.01	39.20	11011	3376071	1
2025.11.13	19:00:00	39.19	40.07	39.05	39.93	8274	3223768	1
2025.11.13	19:30:00	39.92	40.18	39.25	39.33	6569	2715687	1
2025.11.13	20:00:00	39.36	39.55	38.61	38.67	6292	2529306	1
2025.11.13	20:30:00	38.67	38.67	38.01	38.53	10725	3947783	1
2025.11.13	21:00:00	38.54	38.96	38.06	38.96	8130	2854737	1
2025.11.13	21:30:00	38.96	39.07	38.05	38.42	7799	3155072	1
2025.11.13	22:00:00	38.43	38.63	38.00	38.41	7958	2852122	1
2025.11.13	22:30:00	38.43	39.33	38.28	39.21	18688	6415566	1
2025.11.14	16:30:00	35.71	39.10	35.15	38.84	31322	11349210	1
2025.11.14	17:00:00	38.19	39.05	37.99	38.72	3757	1252739	1
2025.11.14	17:30:00	38.72	40.27	38.50	39.98	15629	5280654	1
2025.11.14	18:00:00	40.00	40.59	39.19	40.34	9638	3813944	1
2025.11.14	18:30:00	40.38	40.58	39.95	40.32	7612	2869481	1
2025.11.14	19:00:00	40.32	40.53	40.11	40.39	4769	1859464	1
2025.11.14	19:30:00	40.39	40.40	39.50	39.86	5829	2083301	1
2025.11.14	20:00:00	39.86	39.99	39.28	39.52	5218	1824496	1
2025.11.14	20:30:00	39.51	39.65	38.75	39.36	6195	2266391	1
2025.11.14	21:00:00	39.36	39.49	38.81	39.38	4884	2007627	1
2025.11.14	21:30:00	39.38	39.66	39.11	39.53	4116	1632448	1
2025.11.14	22:00:00	39.53	39.68	38.90	39.00	3905	1433415	1
2025.11.14	22:30:00	38.99	39.14	38.30	38.85	15786	5123479	1
2025.11.17	16:30:00	37.90	40.08	37.51	39.57	15296	6495380	1
2025.11.17	17:00:00	39.57	39.69	38.44	39.02	9325	3783693	1
2025.11.17	17:30:00	39.03	39.17	38.30	38.52	5858	2346946	1
2025.11.17	18:00:00	38.53	38.67	37.57	38.33	7370	3150455	1
2025.11.17	18:30:00	38.34	38.88	38.15	38.80	4916	2166123	1
2025.11.17	19:00:00	38.81	38.81	38.22	38.43	3225	1470607	1
2025.11.17	19:30:00	38.43	38.57	37.65	37.66	3781	1556787	1
2025.11.17	20:00:00	37.66	37.82	37.40	37.60	5128	2282474	1
2025.11.17	20:30:00	37.59	38.03	36.93	37.04	5633	2603151	1
2025.11.17	21:00:00	37.03	37.13	36.40	36.72	5831	3091274	1
2025.11.17	21:30:00	36.71	36.84	35.92	35.96	6368	3176182	1
2025.11.17	22:00:00	35.95	36.10	35.59	35.75	8869	4048124	1
2025.11.17	22:30:00	35.78	36.91	35.53	36.84	17496	6906583	1
2025.11.17	23:00:00	36.85	36.85	36.85	36.85	1	300	4
2025.11.18	16:30:00	35.31	36.00	33.94	33.96	28181	10664984	1
2025.11.18	17:00:00	33.96	34.52	33.15	34.03	26031	9657232	1
2025.11.18	17:30:00	34.01	34.38	33.45	33.74	12802	4534661	1
2025.11.18	18:00:00	33.74	34.86	33.23	34.70	12031	4471045	1
2025.11.18	18:30:00	34.71	35.11	34.53	34.76	10035	3614435	1
2025.11.18	19:00:00	34.75	35.02	34.16	34.22	6575	2298571	1
2025.11.18	19:30:00	34.22	35.80	34.07	35.59	10893	4038342	1
2025.11.18	20:00:00	35.60	35.86	35.35	35.35	7459	2700488	1
2025.11.18	20:30:00	35.36	35.78	34.98	35.15	5972	2163616	1
2025.11.18	21:00:00	35.15	35.50	34.81	34.94	5650	2022304	1
2025.11.18	21:30:00	34.96	35.47	34.76	35.30	5954	2320606	1
2025.11.18	22:00:00	35.31	35.44	34.50	34.77	5931	2380123	1
2025.11.18	22:30:00	34.78	34.89	34.28	34.34	12993	5166979	1
2025.11.19	16:30:00	34.72	36.66	34.40	36.58	17743	6493587	1
2025.11.19	17:00:00	36.60	37.30	36.43	37.04	12700	5314587	1
2025.11.19	17:30:00	37.06	37.16	35.85	36.10	10857	4132894	1
2025.11.19	18:00:00	36.10	36.22	35.35	35.65	9645	4014143	1
2025.11.19	18:30:00	35.66	35.77	35.26	35.66	5751	2178305	1
2025.11.19	19:00:00	35.66	35.66	34.70	34.97	7698	3037930	1
2025.11.19	19:30:00	34.96	35.22	34.20	35.08	9228	3510680	1
2025.11.19	20:00:00	35.06	35.42	34.82	34.85	5605	1973516	1
2025.11.19	20:30:00	34.85	35.65	34.80	35.41	5905	2150035	1
2025.11.19	21:00:00	35.41	35.49	35.00	35.09	4504	1676650	1
2025.11.19	21:30:00	35.10	35.79	34.98	35.50	4672	1950052	1
2025.11.19	22:00:00	35.49	36.36	35.38	36.30	5601	2902680	1
2025.11.19	22:30:00	36.30	36.55	35.86	35.95	11837	4490851	1
2025.11.20	16:30:00	38.80	39.19	37.86	38.82	30362	9086221	1
2025.11.20	17:00:00	38.82	39.06	38.27	38.66	11816	3963589	1
2025.11.20	17:30:00	38.66	39.15	38.11	38.15	10092	3485757	1
2025.11.20	18:00:00	38.16	38.17	36.39	36.50	19565	6991971	1
2025.11.20	18:30:00	36.50	36.69	33.77	34.06	26988	8216699	1
2025.11.20	19:00:00	34.04	34.72	32.57	33.38	32803	8785177	1
2025.11.20	19:30:00	33.35	33.77	32.57	33.17	20234	5854513	1
2025.11.20	20:00:00	33.18	34.70	33.00	34.10	21640	6853103	1
2025.11.20	20:30:00	34.08	34.28	32.03	32.30	16059	5361109	1
2025.11.20	21:00:00	32.29	32.70	31.80	32.54	13045	4953555	1
2025.11.20	21:30:00	32.54	32.86	32.00	32.82	9940	3788151	1
2025.11.20	22:00:00	32.79	32.79	31.30	31.62	15465	5461881	1
2025.11.20	22:30:00	31.62	31.67	30.40	30.80	23631	9052457	1
2025.11.21	16:30:00	30.86	31.28	29.54	30.35	25485	9917861	1
2025.11.21	17:00:00	30.36	30.71	28.81	28.93	24367	8745122	1
2025.11.21	17:30:00	28.93	29.50	28.12	29.05	25076	8911006	1
2025.11.21	18:00:00	29.03	30.33	28.43	30.32	14936	5943059	1
2025.11.21	18:30:00	30.32	32.02	30.29	32.00	19251	7899562	1
2025.11.21	19:00:00	32.02	32.15	31.37	31.82	16104	6115494	1
2025.11.21	19:30:00	31.83	32.03	31.36	31.55	8718	3130958	1
2025.11.21	20:00:00	31.54	31.62	30.63	30.91	10435	4358732	1
2025.11.21	20:30:00	30.90	32.94	30.82	32.38	18928	6994366	1
2025.11.21	21:00:00	32.39	33.02	32.34	32.95	9502	3768557	1
2025.11.21	21:30:00	32.96	33.04	32.01	32.25	8256	3356409	1
2025.11.21	22:00:00	32.24	32.80	32.18	32.20	6906	2761829	1
2025.11.21	22:30:00	32.20	32.59	31.61	31.69	15400	5166519	1
2025.11.24	16:30:00	32.69	34.60	32.65	34.59	36060	11578170	1
2025.11.24	17:00:00	34.60	35.11	34.17	34.68	16154	5930627	1
2025.11.24	17:30:00	34.67	35.16	34.52	35.05	8149	2967606	1
2025.11.24	18:00:00	35.07	35.71	35.07	35.57	7933	3078626	1
2025.11.24	18:30:00	35.55	35.82	35.40	35.50	5427	2451082	1
2025.11.24	19:00:00	35.53	35.69	35.33	35.61	4852	1797006	1
2025.11.24	19:30:00	35.60	36.04	35.60	35.87	5744	2009448	1
2025.11.24	20:00:00	35.87	36.09	35.82	36.02	3968	1827968	1
2025.11.24	20:30:00	36.02	36.15	35.88	35.88	4456	1815728	1
2025.11.24	21:00:00	35.88	36.10	35.85	35.96	3197	1323608	1
2025.11.24	21:30:00	35.97	35.99	35.48	35.56	5129	2375769	1
2025.11.24	22:00:00	35.57	36.07	35.57	35.95	5140	2020309	1
2025.11.24	22:30:00	35.94	36.31	35.83	35.84	12877	4714629	1
2025.11.25	16:30:00	34.38	34.65	32.05	33.74	36716	11385487	1
2025.11.25	17:00:00	33.74	33.74	32.80	33.41	17087	5280244	1
2025.11.25	17:30:00	33.40	34.36	33.38	33.94	16260	5321923	1
2025.11.25	18:00:00	33.94	34.51	33.61	34.26	9897	3009875	1
2025.11.25	18:30:00	34.26	34.46	34.06	34.35	5919	1801526	1
2025.11.25	19:00:00	34.35	35.24	34.31	35.03	6728	2601947	1
2025.11.25	19:30:00	35.03	35.76	34.91	34.98	7490	3101044	1
2025.11.25	20:00:00	35.00	35.23	34.98	35.21	4747	1725376	1
2025.11.25	20:30:00	35.21	35.45	35.04	35.31	4002	1404042	1
2025.11.25	21:00:00	35.31	35.42	34.82	34.96	3920	1768209	1
2025.11.25	21:30:00	34.96	35.35	34.75	35.33	3847	1388522	1
2025.11.25	22:00:00	35.34	35.85	35.34	35.79	4014	1963060	1
2025.11.25	22:30:00	35.80	36.45	35.79	36.15	10303	4264076	1
2025.11.26	16:30:00	37.42	38.30	37.30	37.55	22513	7758957	1
2025.11.26	17:00:00	37.55	38.05	37.40	37.92	14455	4730483	1
2025.11.26	17:30:00	37.92	38.74	37.91	38.73	10600	4451605	1
2025.11.26	18:00:00	38.73	39.34	38.73	39.29	9808	4229913	1
2025.11.26	18:30:00	39.29	39.41	38.98	39.12	6949	2856024	1
2025.11.26	19:00:00	39.13	39.19	38.81	39.17	6108	2573860	1
2025.11.26	19:30:00	39.17	39.40	39.07	39.17	4689	1938678	1
2025.11.26	20:00:00	39.17	39.36	38.90	39.24	5108	2042259	1
2025.11.26	20:30:00	39.25	39.31	39.00	39.25	3834	1564302	1
2025.11.26	21:00:00	39.24	39.66	39.19	39.64	4523	1970849	1
2025.11.26	21:30:00	39.65	39.79	39.44	39.77	5505	2340242	1
2025.11.26	22:00:00	39.77	40.14	39.74	40.01	7158	2940629	1
2025.11.26	22:30:00	40.01	40.06	39.11	39.12	16573	5566443	1
2025.11.26	23:00:00	39.13	39.13	39.13	39.13	6	4900	1
2025.11.28	16:30:00	39.70	40.34	39.25	40.09	14246	5217883	1
2025.11.28	17:00:00	40.09	40.37	39.85	40.10	7517	2966832	1
2025.11.28	17:30:00	40.12	40.70	40.03	40.54	8243	3056671	1
2025.11.28	18:00:00	40.54	40.91	40.39	40.64	7784	2951704	1
2025.11.28	18:30:00	40.64	40.99	40.53	40.96	5335	2177096	1
2025.11.28	19:00:00	40.96	41.02	40.74	40.77	6602	2473112	1
2025.11.28	19:30:00	40.77	41.33	40.51	41.31	13241	4647739	1
2025.11.28	20:00:00	41.25	41.33	41.25	41.33	27	6159	1
2025.12.01	16:30:00	39.58	41.10	39.46	40.80	21532	6973066	1
2025.12.01	17:00:00	40.81	41.16	40.55	40.80	10453	3434396	1
2025.12.01	17:30:00	40.78	41.44	40.46	41.28	8695	3099061	1
2025.12.01	18:00:00	41.28	41.44	40.87	41.27	5334	1943149	1
2025.12.01	18:30:00	41.27	41.60	41.26	41.58	4620	1894416	1
2025.12.01	19:00:00	41.59	41.95	41.59	41.81	4597	1897929	1
2025.12.01	19:30:00	41.81	42.30	41.75	41.88	4121	1910467	1
2025.12.01	20:00:00	41.88	42.15	41.88	41.97	2703	1233064	1
2025.12.01	20:30:00	41.99	42.36	41.99	42.24	2795	1043795	1
2025.12.01	21:00:00	42.24	42.24	41.44	41.51	3926	1690395	1
2025.12.01	21:30:00	41.50	41.73	41.22	41.36	4787	2119878	1
2025.12.01	22:00:00	41.35	41.57	41.27	41.35	2991	1086929	1
2025.12.01	22:30:00	41.37	41.60	41.24	41.32	7860	2817608	1
2025.12.02	16:30:00	42.79	44.46	42.32	44.38	28199	9641118	1
2025.12.02	17:00:00	44.36	44.61	43.55	43.60	12422	4762464	1
2025.12.02	17:30:00	43.59	44.51	43.27	43.91	11084	4339288	1
2025.12.02	18:00:00	43.91	43.95	42.30	42.44	15126	5268680	1
2025.12.02	18:30:00	42.44	43.33	42.03	43.06	10283	4781648	1
2025.12.02	19:00:00	43.03	43.58	42.83	43.46	5619	2666305	1
2025.12.02	19:30:00	43.46	43.64	42.99	43.00	4025	1790410	1
2025.12.02	20:00:00	42.98	43.71	42.93	43.58	4595	2155276	1
2025.12.02	20:30:00	43.57	43.84	43.36	43.76	3648	1572260	1
2025.12.02	21:00:00	43.74	44.15	43.66	43.81	4138	1869544	1
2025.12.02	21:30:00	43.80	43.96	43.70	43.87	1724	723387	1
2025.12.02	22:00:00	44.02	44.23	44.02	44.21	2482	1094975	1
2025.12.02	22:30:00	44.20	44.31	43.72	43.76	11661	4373496	1
2025.12.03	16:30:00	44.45	44.57	43.15	43.82	25168	7449151	1
2025.12.03	17:00:00	43.82	44.81	43.80	44.65	14619	5120712	1
2025.12.03	17:30:00	44.64	45.22	44.41	44.61	11353	4295525	1
2025.12.03	18:00:00	44.63	45.01	44.25	44.56	6484	2510314	1
2025.12.03	18:30:00	44.56	45.00	44.25	44.51	5327	2329179	1
2025.12.03	19:00:00	44.50	45.17	44.42	44.94	6208	2727144	1
2025.12.03	19:30:00	44.92	45.26	44.77	45.11	3927	1950197	1
2025.12.03	20:00:00	45.12	45.34	45.11	45.21	4059	1722181	1
2025.12.03	20:30:00	45.22	45.72	45.19	45.54	4730	2221741	1
2025.12.03	21:00:00	45.54	45.77	45.48	45.67	3664	1560068	1
2025.12.03	21:30:00	45.68	45.99	45.65	45.88	3935	1855848	1
2025.12.03	22:00:00	45.89	46.44	45.87	46.42	6592	2718344	1
2025.12.03	22:30:00	46.42	46.68	46.34	46.58	10127	3849952	1
2025.12.04	16:30:00	45.82	45.96	44.79	44.88	21686	6005921	1
2025.12.04	17:00:00	44.89	45.73	44.78	45.72	12879	4184047	1
2025.12.04	17:30:00	45.72	45.86	45.28	45.30	7433	2732851	1
2025.12.04	18:00:00	45.30	45.80	44.96	45.51	7187	2520860	1
2025.12.04	18:30:00	45.51	46.03	45.40	46.00	5819	2336774	1
2025.12.04	19:00:00	46.00	46.09	45.58	45.62	4794	1982231	1
2025.12.04	19:30:00	45.63	45.82	45.55	45.68	2926	1059554	1
2025.12.04	20:00:00	45.68	45.76	45.40	45.72	3145	1182583	1
2025.12.04	20:30:00	45.70	45.82	45.49	45.59	2504	998503	1
2025.12.04	21:00:00	45.59	45.71	44.77	45.17	7000	2552379	1
2025.12.04	21:30:00	45.17	45.62	45.07	45.21	4820	1957777	1
2025.12.04	22:00:00	45.21	45.27	44.43	44.47	5451	2440911	1
2025.12.04	22:30:00	44.46	45.25	44.44	45.21	10353	3503405	1
2025.12.04	23:00:00	45.21	45.21	45.21	45.21	1	100	2
2025.12.05	16:30:00	46.47	47.70	46.34	47.53	22702	7709894	1
2025.12.05	17:00:00	47.55	48.05	47.22	47.31	12518	4546971	1
2025.12.05	17:30:00	47.31	47.56	46.49	46.78	8472	3312933	1
2025.12.05	18:00:00	46.77	47.08	46.43	46.82	6576	2575148	1
2025.12.05	18:30:00	46.80	47.47	46.42	47.15	6719	2571864	1
2025.12.05	19:00:00	47.15	47.27	46.77	46.85	4467	1768332	1
2025.12.05	19:30:00	46.85	47.30	46.70	47.17	3548	1326335	1
2025.12.05	20:00:00	47.16	47.28	46.98	47.25	3059	1175987	1
2025.12.05	20:30:00	47.25	47.41	47.10	47.24	3200	1236053	1
2025.12.05	21:00:00	47.25	47.25	46.98	47.08	2776	1027654	1
2025.12.05	21:30:00	47.08	47.17	46.77	47.13	3030	1126681	1
2025.12.05	22:00:00	47.13	47.13	46.92	47.00	2714	955475	1
2025.12.05	22:30:00	47.00	47.00	46.30	46.51	10640	3530368	1
2025.12.08	16:30:00	47.61	48.60	47.45	47.80	19214	5669694	1
2025.12.08	17:00:00	47.79	48.19	47.05	47.49	9608	3052512	1
2025.12.08	17:30:00	47.48	47.96	47.06	47.07	7546	2659876	1
2025.12.08	18:00:00	47.08	47.34	46.70	47.34	6644	2518693	1
2025.12.08	18:30:00	47.32	47.41	46.95	47.12	3901	1371993	1
2025.12.08	19:00:00	47.10	47.38	46.84	47.33	4386	1404055	1
2025.12.08	19:30:00	47.33	48.21	47.25	47.88	8968	2783240	1
2025.12.08	20:00:00	47.87	48.24	47.64	47.65	7262	2388391	1
2025.12.08	20:30:00	47.63	47.78	47.12	47.36	4606	1560693	1
2025.12.08	21:00:00	47.34	47.52	47.05	47.43	3765	1213484	1
2025.12.08	21:30:00	47.42	47.52	47.19	47.22	2855	980287	1
2025.12.08	22:00:00	47.23	47.52	47.09	47.46	2921	1026386	1
2025.12.08	22:30:00	47.47	48.00	47.30	47.99	7447	2193300	1
2025.12.08	23:00:00	47.99	47.99	47.99	47.99	1	200	15
2025.12.09	16:30:00	47.04	47.52	46.47	46.90	15007	4749451	1
2025.12.09	17:00:00	46.90	47.52	46.77	47.47	7447	2451980	1
2025.12.09	17:30:00	47.45	47.76	47.29	47.76	6121	2490103	1
2025.12.09	18:00:00	47.75	48.04	47.70	47.72	4987	2232094	1
2025.12.09	18:30:00	47.73	47.79	47.34	47.62	3932	1676094	1
2025.12.09	19:00:00	47.62	47.93	47.55	47.82	3097	1185201	1
2025.12.09	19:30:00	47.84	47.98	47.67	47.97	2548	1009363	1
2025.12.09	20:00:00	47.96	47.96	47.70	47.78	2019	770702	1
2025.12.09	20:30:00	47.76	47.81	47.41	47.62	2359	970618	1
2025.12.09	21:00:00	47.62	47.70	47.35	47.66	2308	975299	1
2025.12.09	21:30:00	47.66	47.80	47.56	47.64	1969	798316	1
2025.12.09	22:00:00	47.64	47.73	47.51	47.57	1767	723767	1
2025.12.09	22:30:00	47.55	47.94	47.53	47.77	8357	2832012	1
2025.12.10	16:30:00	47.65	48.17	47.01	47.83	12994	3972937	1
2025.12.10	17:00:00	47.82	48.01	47.52	47.76	6459	2108508	1
2025.12.10	17:30:00	47.76	47.85	47.30	47.45	5862	1948885	1
2025.12.10	18:00:00	47.47	47.81	47.10	47.69	5347	1932408	1
2025.12.10	18:30:00	47.68	47.76	47.54	47.73	2588	817645	1
2025.12.10	19:00:00	47.73	47.79	47.53	47.53	1946	642927	1
2025.12.10	19:30:00	47.53	47.92	47.47	47.89	1991	758984	1
2025.12.10	20:00:00	47.89	47.96	47.71	47.83	2530	1031873	1
2025.12.10	20:30:00	47.83	48.06	47.76	47.89	2769	954814	1
2025.12.10	21:00:00	47.89	48.92	47.85	48.34	14927	5651670	1
2025.12.10	21:30:00	48.33	49.79	47.79	49.73	22497	6877922	1
2025.12.10	22:00:00	49.72	50.09	49.23	49.89	14492	4488989	1
2025.12.10	22:30:00	49.89	50.05	49.57	49.62	13441	3901936	1
2025.12.10	23:00:00	49.60	49.60	49.60	49.60	1	100	2
2025.12.11	16:30:00	47.98	48.00	44.91	45.02	24360	8131247	1
2025.12.11	17:00:00	45.05	47.13	44.67	46.79	16922	6735613	1
2025.12.11	17:30:00	46.80	46.97	45.60	46.40	9001	3544970	1
2025.12.11	18:00:00	46.40	46.67	45.70	45.81	5921	2209582	1
2025.12.11	18:30:00	45.79	46.78	45.79	46.19	5575	2432636	1
2025.12.11	19:00:00	46.20	47.00	46.08	46.79	5448	2614617	1
2025.12.11	19:30:00	46.79	47.26	46.75	46.86	4438	1863519	1
2025.12.11	20:00:00	46.85	47.46	46.80	47.29	3722	1616423	1
2025.12.11	20:30:00	47.28	47.70	47.14	47.38	4409	1730015	1
2025.12.11	21:00:00	47.37	47.96	47.37	47.91	3288	1267717	1
2025.12.11	21:30:00	47.92	48.25	47.91	48.12	3564	1667721	1
2025.12.11	22:00:00	48.12	48.39	48.07	48.17	3742	1577753	1
2025.12.11	22:30:00	48.19	48.89	48.17	48.78	9008	3334228	1
2025.12.12	16:30:00	46.91	47.38	46.28	46.44	16648	6313188	1
2025.12.12	17:00:00	46.42	46.45	43.87	43.87	24306	8952159	1
2025.12.12	17:30:00	43.88	44.52	42.94	43.09	22110	7936880	1
2025.12.12	18:00:00	43.07	43.52	42.10	42.86	14691	6327136	1
2025.12.12	18:30:00	42.86	42.86	41.85	42.34	11024	4528417	1
2025.12.12	19:00:00	42.32	43.68	42.20	42.79	10762	5125615	1
2025.12.12	19:30:00	42.78	43.57	42.63	43.14	6114	3220990	1
2025.12.12	20:00:00	43.14	44.11	43.02	43.74	7595	3878995	1
2025.12.12	20:30:00	43.75	43.77	42.90	42.96	4707	2155503	1
2025.12.12	21:00:00	42.96	43.01	41.87	42.00	7235	2881237	1
2025.12.12	21:30:00	42.00	42.49	41.99	42.36	5214	2197801	1
2025.12.12	22:00:00	42.37	42.56	41.52	41.53	7888	3805640	1
2025.12.12	22:30:00	41.53	41.83	41.06	41.70	19354	6882459	1
2025.12.15	16:30:00	43.10	43.42	42.00	42.23	15142	6042416	1
2025.12.15	17:00:00	42.23	42.57	40.80	41.13	11015	4697197	1
2025.12.15	17:30:00	41.12	42.33	41.01	41.81	9255	4317073	1
2025.12.15	18:00:00	41.83	42.74	41.52	42.66	5867	2786796	1
2025.12.15	18:30:00	42.68	42.69	41.70	42.10	5478	2363206	1
2025.12.15	19:00:00	42.11	42.21	41.79	42.13	2513	1038929	1
2025.12.15	19:30:00	42.13	42.37	41.49	41.76	3841	1977026	1
2025.12.15	20:00:00	41.76	41.98	41.38	41.53	3511	1716406	1
2025.12.15	20:30:00	41.53	42.12	41.37	41.96	2978	1466181	1
2025.12.15	21:00:00	41.96	42.25	41.72	41.82	2099	1115757	1
2025.12.15	21:30:00	41.83	41.87	41.48	41.71	2356	1046821	1
2025.12.15	22:00:00	41.72	41.80	41.37	41.44	2879	1377409	1
2025.12.15	22:30:00	41.44	41.46	40.89	41.17	11634	4659618	1
2025.12.16	16:30:00	40.75	41.65	40.28	41.46	19995	6619761	1
2025.12.16	17:00:00	41.47	41.54	39.25	39.75	14964	5950321	1
2025.12.16	17:30:00	39.75	40.69	39.36	40.50	13030	5614541	1
2025.12.16	18:00:00	40.50	40.74	39.67	39.88	7907	3312709	1
2025.12.16	18:30:00	39.88	40.50	39.64	40.48	6599	2713089	1
2025.12.16	19:00:00	40.48	40.61	39.85	39.94	4886	1852110	1
2025.12.16	19:30:00	39.94	40.37	39.56	39.69	4692	1850113	1
2025.12.16	20:00:00	39.67	39.87	39.50	39.66	5046	1854314	1
2025.12.16	20:30:00	39.64	40.36	39.58	40.05	4924	2008528	1
2025.12.16	21:00:00	40.05	40.05	39.51	39.89	5172	1994599	1
2025.12.16	21:30:00	39.88	40.17	39.74	39.91	4523	1481141	1
2025.12.16	22:00:00	39.89	40.27	39.86	40.23	4238	1782826	1
2025.12.16	22:30:00	40.23	40.84	40.21	40.44	12652	4459512	1
2025.12.17	16:30:00	41.00	41.32	39.95	40.60	16663	6065173	1
2025.12.17	17:00:00	40.57	40.63	39.76	40.00	9829	3414963	1
2025.12.17	17:30:00	39.98	40.09	37.01	37.18	22855	9481949	1
2025.12.17	18:00:00	37.16	37.96	36.88	37.18	16292	6632765	1
2025.12.17	18:30:00	37.17	37.17	36.40	37.04	14037	5322753	1
2025.12.17	19:00:00	37.05	37.33	36.60	37.02	8506	3847074	1
2025.12.17	19:30:00	37.02	37.29	36.51	36.71	5940	2556010	1
2025.12.17	20:00:00	36.72	37.17	36.40	36.51	5812	2714631	1
2025.12.17	20:30:00	36.51	36.62	35.90	36.16	6672	3142479	1
2025.12.17	21:00:00	36.17	36.26	35.77	35.86	4966	2325767	1
2025.12.17	21:30:00	35.86	36.23	35.70	36.16	4575	2298006	1
2025.12.17	22:00:00	36.16	36.20	35.70	35.87	4736	2143852	1
2025.12.17	22:30:00	35.87	36.19	35.76	36.00	14368	5452271	1
2025.12.18	16:30:00	39.97	40.41	38.93	39.89	22294	8753484	1
2025.12.18	17:00:00	39.88	39.92	38.11	39.24	16218	6202661	1
2025.12.18	17:30:00	39.24	39.81	39.06	39.23	8855	3563990	1
2025.12.18	18:00:00	39.24	39.40	38.89	39.11	5650	2189179	1
2025.12.18	18:30:00	39.11	39.60	39.10	39.49	3849	1430302	1
2025.12.18	19:00:00	39.49	39.49	38.29	38.49	7792	3340445	1
2025.12.18	19:30:00	38.49	39.40	38.43	39.29	5128	2323779	1
2025.12.18	20:00:00	39.30	39.64	39.10	39.52	3037	1255167	1
2025.12.18	20:30:00	39.55	39.80	39.35	39.38	3552	1496701	1
2025.12.18	21:00:00	39.39	39.46	38.91	39.06	3734	1660958	1
2025.12.18	21:30:00	39.06	39.13	38.48	38.55	4243	1707300	1
2025.12.18	22:00:00	38.55	39.35	38.45	39.30	4475	2106836	1
2025.12.18	22:30:00	39.30	39.35	38.57	38.57	9875	3103690	1
2025.12.19	16:30:00	39.52	41.95	39.51	41.93	24519	10158759	1
2025.12.19	17:00:00	41.95	42.20	41.04	41.43	11397	4569484	1
2025.12.19	17:30:00	41.43	41.66	40.95	41.22	7601	3146803	1
2025.12.19	18:00:00	41.22	41.75	41.01	41.61	6433	2757091	1
2025.12.19	18:30:00	41.61	41.80	41.29	41.53	4472	1835839	1
2025.12.19	19:00:00	41.55	42.06	41.53	41.97	4637	2091827	1
2025.12.19	19:30:00	41.97	42.22	41.85	42.01	3949	1799987	1
2025.12.19	20:00:00	42.01	42.29	41.91	42.24	3555	1634220	1
2025.12.19	20:30:00	42.24	42.24	41.90	42.00	3489	1529112	1
2025.12.19	21:00:00	42.00	42.13	41.92	42.08	2557	992718	1
2025.12.19	21:30:00	42.07	42.21	42.02	42.05	3240	1169252	1
2025.12.19	22:00:00	42.04	42.36	42.04	42.30	4274	2198399	1
2025.12.19	22:30:00	42.30	42.32	41.72	41.79	14757	4901733	1
2025.12.19	23:00:00	41.79	41.79	41.71	41.75	36	6408	1
2025.12.22	16:30:00	44.46	44.56	42.73	43.80	21453	7726192	1
2025.12.22	17:00:00	43.80	43.84	43.18	43.23	8516	3149033	1
2025.12.22	17:30:00	43.23	43.39	42.76	43.28	7257	2684175	1
2025.12.22	18:00:00	43.28	43.53	43.07	43.36	4478	1644935	1
2025.12.22	18:30:00	43.36	43.47	43.23	43.44	2706	947207	1
2025.12.22	19:00:00	43.45	43.47	43.30	43.37	2594	926911	1
2025.12.22	19:30:00	43.38	43.45	43.08	43.44	3448	1656215	1
2025.12.22	20:00:00	43.43	43.45	43.23	43.35	2392	828945	1
2025.12.22	20:30:00	43.36	43.40	43.23	43.31	1893	841896	1
2025.12.22	21:00:00	43.31	43.40	43.23	43.39	1962	910860	1
2025.12.22	21:30:00	43.40	43.57	43.31	43.31	2345	1016744	1
2025.12.22	22:00:00	43.31	43.44	43.23	43.32	2466	813205	1
2025.12.22	22:30:00	43.32	43.37	42.82	43.25	8338	2774560	1
2025.12.23	16:30:00	42.61	43.59	42.45	42.69	11832	4580968	1
2025.12.23	17:00:00	42.69	43.15	42.22	42.94	8221	3373088	1
2025.12.23	17:30:00	42.94	43.33	42.88	43.24	3975	1548316	1
2025.12.23	18:00:00	43.24	43.45	43.10	43.36	3224	1361381	1
2025.12.23	18:30:00	43.36	43.65	43.22	43.63	2807	1167238	1
2025.12.23	19:00:00	43.64	43.68	43.49	43.60	2649	1198978	1
2025.12.23	19:30:00	43.59	43.69	43.52	43.54	2078	876776	1
2025.12.23	20:00:00	43.54	43.75	43.47	43.59	2095	934895	1
2025.12.23	20:30:00	43.60	43.67	43.52	43.58	1553	510803	1
2025.12.23	21:00:00	43.58	43.77	43.58	43.71	1844	732981	1
2025.12.23	21:30:00	43.71	43.77	43.61	43.68	1540	715195	1
2025.12.23	22:00:00	43.68	43.80	43.67	43.73	1874	731822	1
2025.12.23	22:30:00	43.73	43.79	43.63	43.70	5306	1650420	1
2025.12.24	16:30:00	43.71	44.20	43.59	44.01	9764	3566722	1
2025.12.24	17:00:00	44.01	44.29	43.77	43.99	6301	2591617	1
2025.12.24	17:30:00	43.99	44.07	43.87	44.02	3155	1434360	1
2025.12.24	18:00:00	44.02	44.15	43.94	43.99	2730	1112896	1
2025.12.24	18:30:00	44.00	44.14	43.98	44.08	2490	928892	1
2025.12.24	19:00:00	44.08	44.15	44.00	44.10	2249	964042	1
2025.12.24	19:30:00	44.10	44.36	44.01	44.18	5901	1974230	1
2025.12.26	16:30:00	44.75	44.75	44.11	44.20	10723	3716911	1
2025.12.26	17:00:00	44.20	44.45	43.81	44.43	7223	2618211	1
2025.12.26	17:30:00	44.43	44.62	44.38	44.51	4298	1544147	1
2025.12.26	18:00:00	44.52	44.65	44.34	44.45	3359	1178056	1
2025.12.26	18:30:00	44.47	44.52	44.36	44.38	2467	840578	1
2025.12.26	19:00:00	44.38	44.41	44.15	44.36	2046	809014	1
2025.12.26	19:30:00	44.36	44.43	44.25	44.38	1763	755316	1
2025.12.26	20:00:00	44.38	44.49	44.35	44.47	1379	509275	1
2025.12.26	20:30:00	44.47	44.55	44.40	44.50	1368	594625	1
2025.12.26	21:00:00	44.51	44.57	44.44	44.48	1157	557594	1
2025.12.26	21:30:00	44.48	44.54	44.36	44.44	1684	876045	1
2025.12.26	22:00:00	44.44	44.46	44.28	44.39	1575	656482	1
2025.12.26	22:30:00	44.38	44.44	44.17	44.18	4529	1473305	1
2025.12.29	16:30:00	42.97	44.32	42.35	43.18	18980	6771127	1
2025.12.29	17:00:00	43.19	43.42	42.62	43.31	7062	2897810	1
2025.12.29	17:30:00	43.31	43.61	42.78	43.02	5643	2394570	1
2025.12.29	18:00:00	43.02	43.30	42.82	43.29	4183	1659352	1
2025.12.29	18:30:00	43.26	43.47	43.12	43.18	2666	1110647	1
2025.12.29	19:00:00	43.17	43.31	42.77	42.87	2391	1067501	1
2025.12.29	19:30:00	42.88	43.24	42.83	43.19	3078	1361688	1
2025.12.29	20:00:00	43.18	43.26	43.06	43.15	2079	914720	1
2025.12.29	20:30:00	43.14	43.34	43.13	43.17	2110	792298	1
2025.12.29	21:00:00	43.18	43.39	43.09	43.35	1960	751493	1
2025.12.29	21:30:00	43.35	43.69	43.34	43.61	2390	973051	1
2025.12.29	22:00:00	43.61	43.74	43.59	43.66	1813	671891	1
2025.12.29	22:30:00	43.67	43.97	43.67	43.86	7004	2368180	1
2025.12.30	16:30:00	44.13	44.46	43.77	44.21	12019	3752420	1
2025.12.30	17:00:00	44.20	44.24	43.85	44.03	5836	1993585	1
2025.12.30	17:30:00	44.03	44.45	43.96	44.39	5120	1996725	1
2025.12.30	18:00:00	44.39	44.75	44.34	44.61	4168	1621812	1
2025.12.30	18:30:00	44.61	44.64	44.14	44.19	3327	1221197	1
2025.12.30	19:00:00	44.19	44.27	44.11	44.20	2207	802347	1
2025.12.30	19:30:00	44.20	44.29	44.15	44.16	1645	704766	1
2025.12.30	20:00:00	44.16	44.17	44.03	44.09	2217	965308	1
2025.12.30	20:30:00	44.09	44.12	43.97	44.02	1563	541668	1
2025.12.30	21:00:00	44.02	44.14	43.92	44.07	2024	673329	1
2025.12.30	21:30:00	44.07	44.10	43.78	43.81	1996	978528	1
2025.12.30	22:00:00	43.80	43.87	43.57	43.77	2344	982649	1
2025.12.30	22:30:00	43.76	43.86	43.63	43.65	5555	1906145	1
2025.12.30	23:00:00	43.67	43.67	43.66	43.66	2	1300	1
2025.12.31	16:30:00	43.89	44.15	43.10	43.44	11081	3607851	1
2025.12.31	17:00:00	43.43	43.49	42.84	43.21	5618	2045884	1
2025.12.31	17:30:00	43.21	43.26	42.91	43.03	2926	1027217	1
2025.12.31	18:00:00	43.04	43.27	43.01	43.27	2540	1072479	1
2025.12.31	18:30:00	43.27	43.27	42.95	43.22	2126	977720	1
2025.12.31	19:00:00	43.22	43.23	43.01	43.18	1522	634501	1
2025.12.31	19:30:00	43.16	43.31	43.05	43.09	1456	665807	1
2025.12.31	20:00:00	43.09	43.17	43.03	43.14	1146	569980	1
2025.12.31	20:30:00	43.14	43.29	43.11	43.17	1364	506386	1
2025.12.31	21:00:00	43.18	43.31	42.82	42.83	1935	807858	1
2025.12.31	21:30:00	42.83	42.85	42.52	42.62	3129	1372053	1
2025.12.31	22:00:00	42.63	42.65	42.15	42.18	4239	1689640	1
2025.12.31	22:30:00	42.18	42.54	42.01	42.03	10501	3300549	1
2026.01.02	16:30:00	45.13	47.70	45.10	47.48	39256	10556396	1
2026.01.02	17:00:00	47.49	48.09	46.10	46.33	26541	7422364	1
2026.01.02	17:30:00	46.32	47.56	45.96	46.10	17328	5119308	1
2026.01.02	18:00:00	46.10	46.94	45.72	46.72	16031	4578115	1
2026.01.02	18:30:00	46.70	47.03	46.12	46.38	9049	2447873	1
2026.01.02	19:00:00	46.38	46.64	46.19	46.47	6234	1904353	1
2026.01.02	19:30:00	46.48	46.65	46.23	46.39	6445	1926063	1
2026.01.02	20:00:00	46.38	46.87	46.33	46.68	4849	1379848	1
2026.01.02	20:30:00	46.68	47.00	46.51	46.71	5083	1515915	1
2026.01.02	21:00:00	46.72	47.32	46.65	47.28	7217	1961099	1
2026.01.02	21:30:00	47.28	47.65	47.28	47.43	6943	1956841	1
2026.01.02	22:00:00	47.43	48.03	47.33	47.91	9259	2427700	1
2026.01.02	22:30:00	47.91	47.99	47.19	47.27	22783	6363782	1
2026.01.05	16:30:00	50.34	51.22	49.47	49.87	32899	9090114	1
2026.01.05	17:00:00	49.86	50.71	49.17	50.65	15329	4282655	1
2026.01.05	17:30:00	50.67	50.99	50.47	50.66	11713	3119957	1
2026.01.05	18:00:00	50.66	50.95	50.40	50.83	8417	2056906	1
2026.01.05	18:30:00	50.83	50.90	50.14	50.14	6901	1779998	1
2026.01.05	19:00:00	50.14	50.28	49.51	49.67	8631	2634815	1
2026.01.05	19:30:00	49.67	49.67	49.22	49.42	6782	1970553	1
2026.01.05	20:00:00	49.43	49.48	48.63	49.24	7461	2349851	1
2026.01.05	20:30:00	49.23	49.55	49.08	49.46	4752	1652592	1
2026.01.05	21:00:00	49.46	49.48	48.81	48.92	4933	1460566	1
2026.01.05	21:30:00	48.92	49.13	48.74	48.98	4420	1277161	1
2026.01.05	22:00:00	48.98	49.34	48.85	49.29	4149	1209141	1
2026.01.05	22:30:00	49.29	49.43	48.99	49.24	11284	2890490	1
2026.01.06	16:30:00	51.10	53.50	51.07	53.49	30337	9087120	1
2026.01.06	17:00:00	53.50	53.89	52.99	53.50	17471	4974447	1
2026.01.06	17:30:00	53.50	53.50	52.31	52.71	11435	3241730	1
2026.01.06	18:00:00	52.69	53.66	52.47	53.34	9273	3074678	1
2026.01.06	18:30:00	53.33	53.70	52.92	53.37	9217	2708688	1
2026.01.06	19:00:00	53.37	53.66	53.08	53.26	6934	2219189	1
2026.01.06	19:30:00	53.27	53.67	52.93	53.24	6028	1824072	1
2026.01.06	20:00:00	53.24	53.56	53.14	53.43	4065	1090839	1
2026.01.06	20:30:00	53.42	53.73	53.33	53.70	3928	1343283	1
2026.01.06	21:00:00	53.70	53.70	53.31	53.42	3315	1116931	1
2026.01.06	21:30:00	53.42	53.66	53.41	53.62	2784	753945	1
2026.01.06	22:00:00	53.62	53.89	53.33	53.75	4995	1520653	1
2026.01.06	22:30:00	53.74	54.30	53.72	53.96	9579	3070024	1
2026.01.07	16:30:00	52.19	52.64	51.13	51.28	20492	5459636	1
2026.01.07	17:00:00	51.35	52.74	50.84	52.53	15395	4622365	1
2026.01.07	17:30:00	52.54	52.57	51.42	52.19	9899	2956241	1
2026.01.07	18:00:00	52.19	52.36	51.77	51.95	4204	1335419	1
2026.01.07	18:30:00	51.95	52.31	51.84	52.08	4025	1541268	1
2026.01.07	19:00:00	52.06	52.09	51.75	51.98	3081	1033044	1
2026.01.07	19:30:00	51.98	52.05	51.54	51.63	2682	970446	1
2026.01.07	20:00:00	51.63	51.88	51.56	51.58	3202	1122587	1
2026.01.07	20:30:00	51.58	51.86	51.52	51.75	2629	922715	1
2026.01.07	21:00:00	51.75	52.13	51.65	52.01	3345	1157069	1
2026.01.07	21:30:00	52.01	52.20	51.79	51.86	2257	816000	1
2026.01.07	22:00:00	51.86	52.09	51.57	51.59	2859	1036535	1
2026.01.07	22:30:00	51.60	52.34	51.46	52.24	10104	3043677	1
2026.01.07	23:00:00	52.31	52.31	52.30	52.30	7	4600	1
2026.01.08	16:30:00	51.79	51.79	48.54	48.58	23654	7259374	1
