Entry Date,Exit Date,Entry Price,Exit Price,Size,Stop Loss,Take Profit,PnL
2010-03-01,2010-03-08,7.348214149475098,7.348214149475098,0,7.201249866485596,7.642142715454102,0.5092859268188477
2010-03-09,2010-03-24,7.796785831451416,7.796785831451416,0,7.6408501148223875,8.108657264709473,0.33321428298950195
2010-03-25,2010-04-08,8.247142791748047,8.247142791748047,0,8.082199935913085,8.577028503417969,0.3400001525878906
2010-04-09,2010-04-22,8.6225004196167,8.6225004196167,0,8.450050411224366,8.967400436401368,0.6003570556640625
2010-04-23,2010-04-28,9.571070671081543,9.571070671081543,0,9.379649257659912,9.953913497924805,-0.16928482055664062
2010-04-29,2010-05-06,9.393570899963379,9.393570899963379,0,9.20569948196411,9.769313735961914,-0.3282136917114258
2010-05-07,2010-05-10,8.70392894744873,8.70392894744873,0,8.529850368499755,9.05208610534668,0.23357105255126953
2010-05-11,2010-05-13,8.994285583496094,8.994285583496094,0,8.814399871826172,9.354057006835937,0.40642833709716797
2010-05-14,2010-05-19,9.1128568649292,9.1128568649292,0,8.930599727630614,9.477371139526367,-0.20214271545410156
2010-06-09,2010-06-10,8.981071472167969,8.981071472167969,0,8.801450042724609,9.340314331054687,-0.236785888671875
2010-06-11,2010-06-16,8.865357398986816,8.865357398986816,0,8.68805025100708,9.21997169494629,0.4596424102783203
2010-06-17,2010-06-30,9.664285659790039,9.664285659790039,0,9.470999946594238,10.05085708618164,-0.49607181549072266
2010-07-01,2010-07-02,9.08214282989502,9.08214282989502,0,8.90049997329712,9.44542854309082,-0.13607215881347656
2010-07-06,2010-07-09,8.964285850524902,8.964285850524902,0,8.785000133514405,9.322857284545899,0.2103567123413086
2010-08-03,2010-08-12,9.321785926818848,9.321785926818848,0,9.135350208282471,9.694657363891602,-0.5114288330078125
2010-08-13,2010-08-18,8.987500190734863,8.987500190734863,0,8.807750186920165,9.347000198364258,0.02535724639892578
2010-09-13,2010-09-17,9.493571281433105,9.493571281433105,0,9.303699855804442,9.87331413269043,0.42392826080322266
2010-09-20,2010-09-23,9.859999656677246,9.859999656677246,0,9.662799663543701,10.254399642944337,0.3660717010498047
2010-09-24,2010-10-01,10.432143211364746,10.432143211364746,0,10.22350034713745,10.849428939819337,-0.21250057220458984
2010-10-04,2010-10-11,10.057143211364746,10.057143211364746,0,9.856000347137451,10.459428939819336,0.4692859649658203
2010-10-12,2010-10-18,10.5503568649292,10.5503568649292,0,10.339349727630616,10.972371139526368,0.8235721588134766
2010-10-19,2010-11-05,10.835714340209961,10.835714340209961,0,10.619000053405761,11.26914291381836,0.5210714340209961
2010-11-08,2010-11-15,11.328571319580078,11.328571319580078,0,11.101999893188477,11.781714172363282,-0.31214237213134766
2010-11-16,2010-11-24,10.918571472167969,10.918571472167969,0,10.700200042724608,11.355314331054688,0.22428512573242188
2010-12-02,2011-01-05,11.340356826782227,11.340356826782227,0,11.113549690246582,11.793971099853517,0.42928600311279297
2011-01-06,2011-01-18,11.954285621643066,11.954285621643066,0,11.715199909210204,12.43245704650879,-0.1857147216796875
2011-01-19,2011-01-20,12.441070556640625,12.441070556640625,0,12.192249145507812,12.93871337890625,-0.42571353912353516
2011-01-21,2011-01-24,11.920356750488281,11.920356750488281,0,11.681949615478516,12.397171020507812,-0.2464275360107422
2011-01-25,2011-02-08,12.011786460876465,12.011786460876465,0,11.771550731658936,12.492257919311523,0.6196422576904297
2011-02-09,2011-02-23,12.685357093811035,12.685357093811035,0,12.431649951934814,13.192771377563478,-0.5864276885986328
2011-02-24,2011-03-04,12.286429405212402,12.286429405212402,0,12.040700817108155,12.7778865814209,0.5732135772705078
2011-03-07,2011-03-10,12.907142639160156,12.907142639160156,0,12.648999786376953,13.423428344726563,-0.4385719299316406
2011-03-11,2011-03-17,12.333213806152344,12.333213806152344,0,12.086549530029297,12.826542358398438,-0.3035707473754883
2011-04-28,2011-05-17,12.36392879486084,12.36392879486084,0,12.116650218963622,12.858485946655273,-0.5067853927612305
2011-05-18,2011-05-23,12.016785621643066,12.016785621643066,0,11.776449909210205,12.497457046508789,-0.23214244842529297
2011-07-06,2011-07-18,12.462499618530273,12.462499618530273,0,12.213249626159667,12.960999603271485,0.5885715484619141
2011-07-19,2011-07-25,13.5,13.5,0,13.23,14.040000000000001,0.441070556640625
2011-07-26,2011-07-29,14.285714149475098,14.285714149475098,0,13.999999866485595,14.857142715454103,-0.44142818450927734
2011-08-01,2011-08-03,14.206428527832031,14.206428527832031,0,13.92229995727539,14.774685668945313,-0.2428579330444336
2011-08-04,2011-08-05,13.907500267028809,13.907500267028809,0,13.629350261688232,14.46380027770996,-0.3203573226928711
2011-08-08,2011-08-09,12.917499542236328,12.917499542236328,0,12.659149551391602,13.434199523925782,-0.013928413391113281
2011-08-10,2011-08-11,13.255356788635254,13.255356788635254,0,12.990249652862548,13.785571060180665,-0.022500038146972656
2011-08-12,2011-08-17,13.5024995803833,13.5024995803833,0,13.232449588775635,14.042599563598634,0.1514291763305664
2011-09-07,2011-09-12,13.770000457763672,13.770000457763672,0,13.494600448608399,14.320800476074218,-0.44857120513916016
2011-09-13,2011-09-19,13.647856712341309,13.647856712341309,0,13.374899578094482,14.19377098083496,0.5307140350341797
2011-09-20,2011-09-23,14.83035659790039,14.83035659790039,0,14.533749465942382,15.423570861816406,-0.534642219543457
2011-09-26,2011-09-30,14.28071403503418,14.28071403503418,0,13.995099754333495,14.851942596435547,-0.4549999237060547
2011-10-03,2011-10-05,13.584643363952637,13.584643363952637,0,13.312950496673583,14.128029098510742,-0.44678592681884766
2011-10-06,2011-10-07,13.333213806152344,13.333213806152344,0,13.066549530029297,13.866542358398439,0.08750057220458984
2011-10-18,2011-10-20,15.062856674194336,15.062856674194336,0,14.76159954071045,15.66537094116211,-0.7771425247192383
2011-10-21,2011-11-11,14.217857360839844,14.217857360839844,0,13.933500213623047,14.786571655273438,-0.4103574752807617
2011-11-14,2011-11-15,13.697142601013184,13.697142601013184,0,13.42319974899292,14.245028305053712,-0.09714221954345703
2011-12-13,2011-12-15,14.035714149475098,14.035714149475098,0,13.754999866485596,14.597142715454103,-0.34535694122314453
2011-12-16,2011-12-21,13.584285736083984,13.584285736083984,0,13.312600021362304,14.127657165527344,0.5832138061523438
2011-12-22,2012-01-05,14.178570747375488,14.178570747375488,0,13.894999332427979,14.745713577270509,0.6410722732543945
2012-01-06,2012-01-26,14.991786003112793,14.991786003112793,0,14.691950283050536,15.591457443237305,1.021071434020996
2012-01-27,2012-02-07,15.869285583496094,15.869285583496094,0,15.551899871826171,16.50405700683594,0.7467861175537109
2012-02-08,2012-02-10,16.803571701049805,16.803571701049805,0,16.467500267028807,17.475714569091796,0.7307147979736328
2012-02-13,2012-02-27,17.840356826782227,17.840356826782227,0,17.483549690246583,18.553971099853516,0.7778568267822266
2012-02-28,2012-03-13,18.855714797973633,18.855714797973633,0,18.47860050201416,19.609943389892578,1.0564289093017578
2012-03-14,2012-03-21,20.644643783569336,20.644643783569336,0,20.23175090789795,21.47042953491211,0.8817844390869141
2012-03-22,2012-04-04,21.349285125732422,21.349285125732422,0,20.922299423217773,22.20325653076172,0.9489288330078125
2012-04-05,2012-04-16,22.39214324951172,22.39214324951172,0,21.944300384521483,23.28782897949219,-0.6042861938476562
2012-04-17,2012-04-18,20.676429748535156,20.676429748535156,0,20.262901153564453,21.503486938476563,1.2421417236328125
2012-04-19,2012-04-20,21.43642807006836,21.43642807006836,0,21.00769950866699,22.293885192871095,-0.31571388244628906
2012-04-23,2012-04-24,20.378929138183594,20.378929138183594,0,19.97135055541992,21.19408630371094,-0.28571510314941406
2012-06-08,2012-07-05,20.41428565979004,20.41428565979004,0,20.005999946594237,21.23085708618164,1.0342845916748047
2012-07-06,2012-07-26,21.681785583496094,21.681785583496094,0,21.248149871826172,22.549057006835938,-0.9760723114013672
2012-07-27,2012-08-01,20.53607177734375,20.53607177734375,0,20.125350341796874,21.3575146484375,1.460714340209961
2012-08-02,2012-08-14,21.530000686645508,21.530000686645508,0,21.099400672912598,22.391200714111328,1.0367851257324219
2012-08-15,2012-08-21,22.546428680419922,22.546428680419922,0,22.095500106811524,23.44828582763672,1.411428451538086
2012-08-22,2012-09-14,23.372142791748047,23.372142791748047,0,22.904699935913087,24.30702850341797,1.269287109375
2012-09-17,2012-09-26,24.97678565979004,24.97678565979004,0,24.477249946594238,25.97585708618164,-1.0932140350341797
2012-09-27,2012-10-05,23.72464370727539,23.72464370727539,0,23.250150833129883,24.673629455566406,0.03249931335449219
2012-12-05,2012-12-06,20.318214416503906,20.318214416503906,0,19.91185012817383,21.130942993164062,-1.427499771118164
2012-12-07,2012-12-10,19.764286041259766,19.764286041259766,0,19.36900032043457,20.55485748291016,-1.0142860412597656
2013-03-26,2013-03-28,16.62285614013672,16.62285614013672,0,16.290399017333986,17.28777038574219,-0.5578556060791016
2013-04-01,2013-04-02,15.782142639160156,15.782142639160156,0,15.466499786376954,16.41342834472656,-0.5107135772705078
2013-04-03,2013-04-09,15.406070709228516,15.406070709228516,0,15.097949295043945,16.022313537597658,-0.17892742156982422
2013-05-07,2013-05-13,16.60607147216797,16.60607147216797,0,16.27395004272461,17.27031433105469,-0.4807147979736328
2013-05-14,2013-05-15,16.20892906188965,16.20892906188965,0,15.884750480651855,16.857286224365236,-0.5246429443359375
2013-05-16,2013-05-21,15.115714073181152,15.115714073181152,0,14.81339979171753,15.720342636108398,0.5325002670288086
2013-05-22,2013-06-11,15.858928680419922,15.858928680419922,0,15.541750106811524,16.49328582763672,-0.2967853546142578
2013-07-18,2013-07-24,15.477856636047363,15.477856636047363,0,15.168299503326416,16.096970901489257,0.19821453094482422
2013-07-25,2013-08-05,15.739286422729492,15.739286422729492,0,15.424500694274903,16.36885787963867,0.8567848205566406
2013-08-06,2013-08-12,16.71500015258789,16.71500015258789,0,16.380700149536132,17.383600158691408,-0.3985710144042969
2013-08-13,2013-08-15,16.819286346435547,16.819286346435547,0,16.482900619506836,17.49205780029297,0.9099998474121094
2013-08-16,2013-08-28,17.862499237060547,17.862499237060547,0,17.505249252319334,18.57699920654297,-0.5053558349609375
2013-08-29,2013-09-12,17.558929443359375,17.558929443359375,0,17.207750854492186,18.26128662109375,-0.8267860412597656
2013-09-13,2013-09-17,16.762142181396484,16.762142181396484,0,16.426899337768553,17.432627868652343,-0.7635707855224609
2013-10-07,2013-10-21,17.37714385986328,17.37714385986328,0,17.029600982666015,18.072229614257814,0.9003562927246094
2013-10-22,2013-11-08,18.800357818603516,18.800357818603516,0,18.424350662231443,19.552372131347656,-0.4225006103515625
2013-11-11,2013-11-29,18.57107162475586,18.57107162475586,0,18.19965019226074,19.313914489746093,1.0532150268554688
2013-12-02,2013-12-20,19.928571701049805,19.928571701049805,0,19.530000267028807,20.725714569091796,-0.4489288330078125
2013-12-23,2013-12-31,20.28571319580078,20.28571319580078,0,19.879998931884764,21.097141723632813,-0.493927001953125
2014-01-02,2014-01-06,19.845714569091797,19.845714569091797,0,19.44880027770996,20.63954315185547,-0.6510715484619141
2014-01-07,2014-01-09,19.440000534057617,19.440000534057617,0,19.051200523376465,20.217600555419924,0.08856964111328125
2014-02-21,2014-02-26,19.028213500976562,19.028213500976562,0,18.647649230957033,19.789342041015626,-0.32785606384277344
2014-02-27,2014-03-05,18.46928596496582,18.46928596496582,0,18.099900245666504,19.208057403564453,0.4921436309814453
2014-03-07,2014-03-24,18.967500686645508,18.967500686645508,0,18.588150672912597,19.72620071411133,0.26178550720214844
2014-03-25,2014-04-08,19.33928680419922,19.33928680419922,0,18.952501068115232,20.112858276367188,-0.5825004577636719
2014-04-09,2014-04-14,18.665714263916016,18.665714263916016,0,18.292399978637697,19.412342834472657,-0.02642822265625
2014-04-29,2014-05-28,21.204999923706055,21.204999923706055,0,20.78089992523193,22.053199920654297,1.1528568267822266
2014-05-29,2014-06-10,22.423213958740234,22.423213958740234,0,21.97474967956543,23.320142517089845,1.259286880493164
2014-06-11,2014-06-16,23.532499313354492,23.532499313354492,0,23.0618493270874,24.473799285888674,-0.654998779296875
2014-06-17,2014-06-25,23.077499389648438,23.077499389648438,0,22.615949401855467,24.000599365234375,-0.5249996185302734
2014-06-26,2014-07-07,22.592500686645508,22.592500686645508,0,22.140650672912596,23.49620071411133,0.9424991607666016
2014-07-08,2014-07-18,24.0674991607666,24.0674991607666,0,23.58614917755127,25.030199127197267,-0.6624984741210938
2014-07-21,2014-07-29,23.747499465942383,23.747499465942383,0,23.272549476623535,24.69739944458008,1.085000991821289
2014-07-30,2014-08-01,24.610000610351562,24.610000610351562,0,24.11780059814453,25.594400634765627,-0.8850002288818359
2014-08-04,2014-08-14,24.092500686645508,24.092500686645508,0,23.6106506729126,25.05620071411133,0.23999977111816406
2014-08-18,2014-09-02,24.622499465942383,24.622499465942383,0,24.130049476623533,25.60739944458008,1.1424999237060547
2014-09-03,2014-09-04,25.774999618530273,25.774999618530273,0,25.259499626159666,26.805999603271484,-1.0625
2014-09-05,2014-10-02,24.700000762939453,24.700000762939453,0,24.206000747680665,25.688000793457032,0.11749839782714844
2014-10-28,2014-11-12,26.350000381469727,26.350000381469727,0,25.823000373840333,27.404000396728517,0.9949989318847656
2014-11-13,2014-11-21,27.950000762939453,27.950000762939453,0,27.391000747680664,29.06800079345703,1.427499771118164
2014-11-24,2014-12-09,29.212499618530273,29.212499618530273,0,28.62824962615967,30.380999603271487,-1.664999008178711
2014-12-10,2014-12-11,28.602500915527344,28.602500915527344,0,28.030450897216795,29.746600952148437,-0.5375003814697266
2014-12-12,2014-12-16,27.614999771118164,27.614999771118164,0,27.0626997756958,28.719599761962893,-1.0224990844726562
2015-01-30,2015-02-12,29.600000381469727,29.600000381469727,0,29.008000373840332,30.784000396728516,1.914999008178711
2015-02-13,2015-02-24,31.81999969482422,31.81999969482422,0,31.183599700927733,33.09279968261719,1.4150009155273438
2015-02-25,2015-02-26,32.88999938964844,32.88999938964844,0,32.23219940185547,34.20559936523438,-0.6925010681152344
2015-02-27,2015-03-06,32.5,32.5,0,31.849999999999998,33.800000000000004,-0.40000152587890625
2015-03-09,2015-03-11,31.989999771118164,31.989999771118164,0,31.3501997756958,33.269599761962894,-0.8024997711181641
2015-03-12,2015-03-18,30.577499389648438,30.577499389648438,0,29.965949401855468,31.800599365234376,1.1725006103515625
2015-04-15,2015-04-28,31.602500915527344,31.602500915527344,0,30.970450897216796,32.86660095214844,2.012500762939453
2015-04-29,2015-05-01,32.540000915527344,32.540000915527344,0,31.889200897216796,33.84160095214844,-1.0150012969970703
2015-05-04,2015-05-06,32.375,32.375,0,31.7275,33.67,-0.7350006103515625
2015-05-07,2015-05-13,31.1924991607666,31.1924991607666,0,30.56864917755127,32.44019912719727,0.345001220703125
2015-05-21,2015-06-10,32.51750183105469,32.51750183105469,0,31.867151794433592,33.81820190429688,-0.5375022888183594
2015-06-11,2015-06-16,32.29499816894531,32.29499816894531,0,31.649098205566407,33.586798095703124,-0.5374984741210938
2015-07-23,2015-07-28,31.549999237060547,31.549999237060547,0,30.918999252319335,32.81199920654297,-0.7049999237060547
2015-07-29,2015-07-31,30.787500381469727,30.787500381469727,0,30.171750373840332,32.019000396728515,-0.13750076293945312
2015-09-17,2015-09-29,28.915000915527344,28.915000915527344,0,28.336700897216797,30.07160095214844,-0.7075004577636719
2015-09-30,2015-10-07,27.542499542236328,27.542499542236328,0,26.9916495513916,28.64419952392578,0.3924999237060547
2015-10-26,2015-10-27,29.520000457763672,29.520000457763672,0,28.929600448608397,30.70080047607422,-0.6700000762939453
2015-10-28,2015-11-04,29.232500076293945,29.232500076293945,0,28.647850074768066,30.401800079345705,1.5499992370605469
2015-11-05,2015-11-11,30.462499618530273,30.462499618530273,0,29.853249626159666,31.680999603271484,-1.3699989318847656
2015-11-12,2015-11-16,29.065000534057617,29.065000534057617,0,28.483700523376463,30.227600555419922,-1.220001220703125
2015-11-17,2015-11-24,28.729999542236328,28.729999542236328,0,28.1553995513916,29.87919952392578,0.6025009155273438
2015-12-03,2015-12-04,29.137500762939453,29.137500762939453,0,28.554750747680664,30.30300079345703,-0.3150005340576172
2016-03-01,2016-03-07,24.412500381469727,24.412500381469727,0,23.92425037384033,25.389000396728516,1.1849994659423828
2016-03-08,2016-03-17,25.19499969482422,25.19499969482422,0,24.691099700927733,26.20279968261719,1.1849994659423828
2016-03-18,2016-04-05,26.584999084472656,26.584999084472656,0,26.053299102783203,27.648399047851562,0.7925014495849609
2016-04-06,2016-04-19,27.5575008392334,27.5575008392334,0,27.00635082244873,28.659800872802734,-0.5875015258789062
2016-04-20,2016-04-27,26.65999984741211,26.65999984741211,0,26.12679985046387,27.726399841308595,-2.6599998474121094
2016-06-01,2016-06-20,24.7549991607666,24.7549991607666,0,24.25989917755127,25.745199127197267,-0.7549991607666016
2016-06-21,2016-06-24,23.735000610351562,23.735000610351562,0,23.260300598144532,24.684400634765627,-0.5074996948242188
2016-07-18,2016-07-27,24.674999237060547,24.674999237060547,0,24.181499252319334,25.66199920654297,1.3924999237060547
2016-07-28,2016-08-08,25.707500457763672,25.707500457763672,0,25.1933504486084,26.73580047607422,1.1724987030029297
2016-08-09,2016-08-31,27.0575008392334,27.0575008392334,0,26.51635082244873,28.139800872802734,-0.6424999237060547
2016-09-01,2016-09-08,26.53499984741211,26.53499984741211,0,26.004299850463866,27.596399841308596,0.2775001525878906
2016-09-19,2016-09-26,28.797500610351562,28.797500610351562,0,28.221550598144532,29.949400634765627,-0.8875007629394531
2016-09-27,2016-10-17,28.25,28.25,0,27.685,29.380000000000003,1.0825004577636719
2016-10-18,2016-10-27,29.545000076293945,29.545000076293945,0,28.954100074768064,30.726800079345704,-0.6975002288818359
2016-10-28,2016-11-02,28.467500686645508,28.467500686645508,0,27.898150672912596,29.606200714111328,-0.6175003051757812
2016-11-03,2016-11-04,27.7450008392334,27.7450008392334,0,27.19010082244873,28.854800872802734,-0.6125011444091797
2016-12-09,2016-12-21,28.077499389648438,28.077499389648438,0,27.51594940185547,29.200599365234375,1.1225013732910156
2016-12-22,2017-01-26,29.087499618530273,29.087499618530273,0,28.505749626159666,30.250999603271485,1.3299999237060547
2017-01-27,2017-02-02,30.53499984741211,30.53499984741211,0,29.924299850463868,31.756399841308596,1.460000991821289
2017-02-03,2017-02-15,32.07749938964844,32.07749938964844,0,31.435949401855467,33.36059936523438,1.8025016784667969
2017-02-16,2017-03-21,33.91749954223633,33.91749954223633,0,33.2391495513916,35.27419952392578,1.6100006103515625
2017-03-22,2017-04-25,34.962501525878906,34.962501525878906,0,34.26325149536133,36.361001586914064,1.0149993896484375
2017-04-27,2017-05-09,35.97999954223633,35.97999954223633,0,35.2603995513916,37.41919952392578,2.487499237060547
2017-05-10,2017-05-18,38.407501220703125,38.407501220703125,0,37.63935119628906,39.94380126953125,-0.5900001525878906
2017-05-19,2017-06-12,38.345001220703125,38.345001220703125,0,37.57810119628906,39.87880126953125,-1.9099998474121094
2017-06-13,2017-06-14,36.790000915527344,36.790000915527344,0,36.054200897216795,38.26160095214844,0.08499908447265625
2017-07-20,2017-08-08,37.875,37.875,0,37.1175,39.39,1.7750015258789062
2017-08-09,2017-08-11,39.814998626708984,39.814998626708984,0,39.018698654174806,41.40759857177734,-0.6649971008300781
2017-08-14,2017-09-20,39.83000183105469,39.83000183105469,0,39.033401794433594,41.423201904296874,-0.35500335693359375
2017-10-19,2017-10-30,39.1875,39.1875,0,38.40375,40.755,1.7849998474121094
2017-10-31,2017-11-08,41.974998474121094,41.974998474121094,0,41.13549850463867,43.65399841308594,1.69000244140625
2017-11-09,2017-11-15,43.77750015258789,43.77750015258789,0,42.901950149536134,45.52860015869141,-1.2849998474121094
2017-11-16,2017-12-11,42.79499816894531,42.79499816894531,0,41.9390982055664,44.506798095703125,-0.4949989318847656
2017-12-21,2017-12-27,43.54249954223633,43.54249954223633,0,42.6716495513916,45.284199523925786,-1.0174980163574219
2017-12-28,2018-01-18,42.75,42.75,0,41.894999999999996,44.46,2.092498779296875
2018-01-19,2018-01-25,44.65250015258789,44.65250015258789,0,43.75945014953613,46.43860015869141,-1.0250015258789062
2018-01-26,2018-01-30,43.0,43.0,0,42.14,44.72,-1.6175003051757812
2018-01-31,2018-02-01,41.717498779296875,41.717498779296875,0,40.88314880371094,43.38619873046875,0.07500076293945312
2018-02-27,2018-03-02,44.775001525878906,44.775001525878906,0,43.879501495361325,46.56600158691406,-1.5750007629394531
2018-03-05,2018-03-22,43.8025016784668,43.8025016784668,0,42.92645164489746,45.55460174560547,-1.3025016784667969
2018-03-23,2018-03-26,42.09749984741211,42.09749984741211,0,41.255549850463865,43.7813998413086,-0.07999801635742188
2018-03-27,2018-03-28,43.41999816894531,43.41999816894531,0,42.55159820556641,45.156798095703124,-1.6074981689453125
2018-04-19,2018-04-23,43.439998626708984,43.439998626708984,0,42.5711986541748,45.177598571777345,-1.7324981689453125
2018-04-24,2018-04-26,41.41749954223633,41.41749954223633,0,40.5891495513916,43.074199523925785,-0.3875007629394531
2018-05-09,2018-06-25,46.63750076293945,46.63750076293945,0,45.70475074768066,48.50300079345703,-0.7875022888183594
2018-07-17,2018-08-02,47.4375,47.4375,0,46.488749999999996,49.335,2.707500457763672
2018-08-03,2018-08-20,51.75749969482422,51.75749969482422,0,50.72234970092774,53.82779968261719,2.7675018310546875
2018-08-21,2018-09-04,54.20000076293945,54.20000076293945,0,53.116000747680665,56.368000793457036,2.9025001525878906
2018-09-05,2018-09-07,57.247501373291016,57.247501373291016,0,56.10255134582519,59.53740142822266,-1.7849998474121094
2018-09-10,2018-09-28,55.23749923706055,55.23749923706055,0,54.132749252319336,57.44699920654297,0.9599990844726562
2018-10-02,2018-10-11,56.8125,56.8125,0,55.676249999999996,59.085,-3.1824989318847656
2018-10-12,2018-10-18,55.10499954223633,55.10499954223633,0,54.0028995513916,57.309199523925784,-0.6399993896484375
2019-01-30,2019-02-05,40.8125,40.8125,0,39.996249999999996,42.445,2.4025001525878906
2019-02-06,2019-02-08,43.662498474121094,43.662498474121094,0,42.78924850463867,45.40899841308594,-1.4149971008300781
2019-02-11,2019-03-12,42.76250076293945,42.76250076293945,0,41.90725074768066,44.47300079345703,2.237499237060547
2019-03-13,2019-03-22,45.5625,45.5625,0,44.65125,47.385000000000005,3.2724990844726562
2019-03-25,2019-03-27,47.877498626708984,47.877498626708984,0,46.9199486541748,49.79259857177735,-0.6899986267089844
2019-03-28,2019-04-08,47.23749923706055,47.23749923706055,0,46.29274925231933,49.12699920654297,1.8675003051757812
2019-04-09,2019-05-02,50.08000183105469,50.08000183105469,0,49.078401794433596,52.08320190429688,2.3799972534179688
2019-05-03,2019-05-08,52.72249984741211,52.72249984741211,0,51.668049850463866,54.831399841308595,-2.2475013732910156
2019-05-09,2019-05-14,50.099998474121094,50.099998474121094,0,49.097998504638674,52.10399841308594,-3.49749755859375
2019-05-15,2019-05-16,46.567501068115234,46.567501068115234,0,45.63615104675293,48.430201110839846,0.9099998474121094
2019-06-18,2019-07-05,49.01250076293945,49.01250076293945,0,48.03225074768066,50.97300079345703,1.8250007629394531
2019-07-08,2019-07-30,50.20249938964844,50.20249938964844,0,49.19844940185547,52.21059936523438,1.9874992370605469
2019-07-31,2019-08-02,54.10499954223633,54.10499954223633,0,53.0228995513916,56.269199523925785,-2.7224998474121094
2019-08-05,2019-08-06,49.497501373291016,49.497501373291016,0,48.50755134582519,51.477401428222656,-0.4200019836425781
2019-08-07,2019-08-09,48.852500915527344,48.852500915527344,0,47.875450897216794,50.806600952148436,1.4724998474121094
2019-08-22,2019-08-26,53.29750061035156,53.29750061035156,0,52.23155059814453,55.42940063476563,-1.8325004577636719
2019-08-27,2019-09-11,51.96500015258789,51.96500015258789,0,50.925700149536134,54.043600158691405,2.552501678466797
2019-09-12,2019-09-16,56.20000076293945,56.20000076293945,0,55.076000747680666,58.448000793457034,-1.7675018310546875
2019-09-17,2019-10-11,54.9900016784668,54.9900016784668,0,53.89020164489746,57.18960174560547,3.24749755859375
2019-10-14,2019-10-28,58.724998474121094,58.724998474121094,0,57.55049850463867,61.07399841308594,3.1300010681152344
2019-10-29,2019-10-30,62.24250030517578,62.24250030517578,0,60.99765029907226,64.73220031738282,-1.0525016784667969
2019-10-31,2019-11-05,61.810001373291016,61.810001373291016,0,60.573801345825196,64.28240142822266,2.452495574951172
2019-11-06,2019-11-19,64.19249725341797,64.19249725341797,0,62.90864730834961,66.76019714355469,2.782501220703125
2019-11-20,2019-12-04,66.38500213623047,66.38500213623047,0,65.05730209350585,69.04040222167968,-1.1175003051757812
2019-12-05,2019-12-16,65.94750213623047,65.94750213623047,0,64.62855209350586,68.58540222167969,3.3024978637695312
2019-12-17,2019-12-31,69.89250183105469,69.89250183105469,0,68.4946517944336,72.68820190429688,2.589996337890625
2020-01-02,2020-01-10,74.05999755859375,74.05999755859375,0,72.57879760742188,77.0223974609375,3.5900039672851562
2020-01-13,2020-01-30,77.91000366210938,77.91000366210938,0,76.35180358886718,81.02640380859376,2.2249984741210938
2020-01-31,2020-02-03,80.23249816894531,80.23249816894531,0,78.62784820556641,83.44179809570313,-4.157501220703125
2020-02-04,2020-02-25,78.82749938964844,78.82749938964844,0,77.25094940185546,81.98059936523438,-3.589996337890625
2020-04-16,2020-04-21,71.84500122070312,71.84500122070312,0,70.40810119628907,74.71880126953126,-2.7750015258789062
2020-04-22,2020-04-30,68.40249633789062,68.40249633789062,0,67.0344464111328,71.13859619140625,4.087501525878906
2020-05-01,2020-05-07,71.5625,71.5625,0,70.13125,74.425,4.242500305175781
2020-05-08,2020-05-21,76.41000366210938,76.41000366210938,0,74.88180358886719,79.46640380859375,3.2549972534179688
2020-05-22,2020-06-08,78.94249725341797,78.94249725341797,0,77.36364730834961,82.1001971435547,3.6200027465820312
2020-06-09,2020-06-11,83.03500366210938,83.03500366210938,0,81.37430358886719,86.35640380859375,4.2924957275390625
2020-06-12,2020-06-23,86.18000030517578,86.18000030517578,0,84.45640029907226,89.62720031738282,4.819999694824219
2020-06-24,2020-06-29,91.25,91.25,0,89.425,94.9,-2.9375
2020-06-30,2020-07-09,90.0199966430664,90.0199966430664,0,88.21959671020508,93.62079650878907,6.242500305175781
2020-07-10,2020-07-24,95.33499908447266,95.33499908447266,0,93.4282991027832,99.14839904785157,-4.347496032714844
2020-07-27,2020-08-03,93.70999908447266,93.70999908447266,0,91.8357991027832,97.45839904785157,14.489997863769531
2020-08-04,2020-08-07,109.13249969482422,109.13249969482422,0,106.94984970092773,113.49779968261718,4.072502136230469
2020-08-10,2020-08-12,112.5999984741211,112.5999984741211,0,110.34799850463867,117.10399841308595,-2.1025009155273438
2020-08-13,2020-08-24,114.43000030517578,114.43000030517578,0,112.14140029907226,119.00720031738281,14.267494201660156
2020-08-25,2020-09-02,124.69750213623047,124.69750213623047,0,122.20355209350586,129.68540222167968,12.892494201660156
2020-09-03,2020-09-04,126.91000366210938,126.91000366210938,0,124.37180358886718,131.98640380859376,-6.840003967285156
2020-09-08,2020-09-17,113.94999694824219,113.94999694824219,0,111.67099700927734,118.50799682617188,-4.2299957275390625
2020-10-13,2020-10-14,125.2699966430664,125.2699966430664,0,122.76459671020507,130.28079650878908,-4.269996643066406
2020-10-15,2020-10-20,118.72000122070312,118.72000122070312,0,116.34560119628907,123.46880126953126,-2.5200042724609375
2020-10-21,2020-10-29,116.66999816894531,116.66999816894531,0,114.3365982055664,121.33679809570313,-4.299995422363281
2020-10-30,2020-11-02,111.05999755859375,111.05999755859375,0,108.83879760742187,115.5023974609375,-1.9499969482421875
2020-11-17,2020-11-24,119.55000305175781,119.55000305175781,0,117.15900299072266,124.33200317382813,-5.6399993896484375
2020-11-25,2020-12-02,115.55000305175781,115.55000305175781,0,113.23900299072265,120.17200317382813,6.469993591308594
2020-12-03,2020-12-18,123.5199966430664,123.5199966430664,0,121.04959671020508,128.46079650878906,5.440010070800781
2020-12-21,2020-12-23,125.0199966430664,125.0199966430664,0,122.51959671020508,130.02079650878906,7.140007019042969
2020-12-24,2020-12-29,131.32000732421875,131.32000732421875,0,128.69360717773438,136.5728076171875,6.7299957275390625
2020-12-30,2021-01-04,135.5800018310547,135.5800018310547,0,132.8684017944336,141.00320190429687,-2.05999755859375
2021-01-05,2021-01-22,128.88999938964844,128.88999938964844,0,126.31219940185547,134.04559936523438,7.3899993896484375
2021-01-25,2021-01-29,143.07000732421875,143.07000732421875,0,140.20860717773436,148.7928076171875,-7.2400054931640625
2021-02-01,2021-02-18,133.75,133.75,0,131.075,139.1,-4.5500030517578125
2021-02-19,2021-02-22,130.24000549316406,130.24000549316406,0,127.63520538330079,135.44960571289062,-2.230010986328125
2021-04-08,2021-04-14,128.9499969482422,128.9499969482422,0,126.37099700927735,134.10799682617187,5.9900054931640625
2021-04-15,2021-05-05,133.82000732421875,133.82000732421875,0,131.14360717773437,139.17280761718752,-4.6200103759765625
2021-05-06,2021-05-12,127.88999938964844,127.88999938964844,0,125.33219940185546,133.0055993652344,-4.489997863769531
2021-06-16,2021-06-30,130.3699951171875,130.3699951171875,0,127.76259521484374,135.58479492187502,5.8000030517578125
2021-07-01,2021-07-08,136.60000610351562,136.60000610351562,0,133.86800598144532,142.06400634765626,4.9799957275390625
2021-07-09,2021-07-15,142.75,142.75,0,139.895,148.46,6.4900054931640625
2021-07-16,2021-07-20,148.4600067138672,148.4600067138672,0,145.49080657958984,154.39840698242188,-5.0
2021-07-21,2021-08-31,145.52999877929688,145.52999877929688,0,142.61939880371094,151.35119873046875,7.1300048828125
2021-09-01,2021-09-13,152.8300018310547,152.8300018310547,0,149.7734017944336,158.94320190429687,-2.1999969482421875
2021-09-14,2021-09-20,150.35000610351562,150.35000610351562,0,147.34300598144532,156.36400634765624,-6.5500030517578125
2021-09-21,2021-09-22,143.92999267578125,143.92999267578125,0,141.05139282226563,149.6871923828125,0.5200042724609375
2021-10-22,2021-11-19,149.69000244140625,149.69000244140625,0,146.69620239257813,155.67760253906252,7.959991455078125
2021-11-22,2021-11-29,161.67999267578125,161.67999267578125,0,158.4463928222656,168.1471923828125,-2.30999755859375
2021-11-30,2021-12-08,159.99000549316406,159.99000549316406,0,156.7902053833008,166.38960571289064,12.139999389648438
2021-12-09,2021-12-20,174.91000366210938,174.91000366210938,0,171.41180358886717,181.90640380859375,-6.6300048828125
2021-12-21,2021-12-28,171.55999755859375,171.55999755859375,0,168.12879760742186,178.4223974609375,8.600006103515625
2021-12-29,2022-01-06,179.3300018310547,179.3300018310547,0,175.7434017944336,186.50320190429687,-6.6300048828125
2022-01-07,2022-01-19,172.88999938964844,172.88999938964844,0,169.43219940185546,179.80559936523437,-2.8899993896484375
2022-02-10,2022-02-14,174.13999938964844,174.13999938964844,0,170.65719940185548,181.10559936523438,-6.7700042724609375
2022-02-15,2022-02-22,170.97000122070312,170.97000122070312,0,167.55060119628905,177.80880126953124,-5.9900054931640625
2022-02-23,2022-02-24,165.5399932861328,165.5399932861328,0,162.22919342041016,172.16159301757813,-12.959991455078125
2022-03-29,2022-04-07,176.69000244140625,176.69000244140625,0,173.1562023925781,183.7576025390625,-5.529998779296875
2022-04-08,2022-04-12,171.77999877929688,171.77999877929688,0,168.34439880371093,178.65119873046876,-3.7599945068359375
2022-04-13,2022-04-22,167.38999938964844,167.38999938964844,0,164.04219940185547,174.08559936523437,-0.92999267578125
2022-07-11,2022-07-21,145.6699981689453,145.6699981689453,0,142.7565982055664,151.49679809570313,8.830001831054688
2022-07-22,2022-07-27,155.38999938964844,155.38999938964844,0,152.28219940185548,161.60559936523438,-2.80999755859375
2022-07-28,2022-08-04,156.97999572753906,156.97999572753906,0,153.84039581298828,163.25919555664063,9.029998779296875
2022-08-05,2022-08-15,163.2100067138672,163.2100067138672,0,159.94580657958983,169.73840698242188,8.30999755859375
2022-08-16,2022-08-23,172.77999877929688,172.77999877929688,0,169.32439880371092,179.69119873046876,-5.6999969482421875
2022-08-24,2022-08-29,167.32000732421875,167.32000732421875,0,163.97360717773438,174.01280761718752,-6.170013427734375
2022-08-30,2022-09-01,162.1300048828125,162.1300048828125,0,158.88740478515624,168.615205078125,-5.4900054931640625
2022-10-31,2022-11-03,153.16000366210938,153.16000366210938,0,150.09680358886717,159.28640380859375,-11.100006103515625
2022-11-04,2022-11-07,142.08999633789062,142.08999633789062,0,139.24819641113282,147.77359619140626,-4.9799957275390625
2022-11-08,2022-11-10,140.41000366210938,140.41000366210938,0,137.6018035888672,146.02640380859376,0.8300018310546875
2022-11-11,2022-11-14,145.82000732421875,145.82000732421875,0,142.9036071777344,151.6528076171875,3.149993896484375
2022-11-21,2022-11-29,150.16000366210938,150.16000366210938,0,147.15680358886718,156.16640380859374,-5.8700103759765625
2022-11-30,2022-12-01,141.39999389648438,141.39999389648438,0,138.57199401855468,147.05599365234374,6.8100128173828125
2022-12-02,2022-12-07,145.9600067138672,145.9600067138672,0,143.04080657958986,151.79840698242188,-3.7700042724609375
2023-01-24,2023-01-30,140.30999755859375,140.30999755859375,0,137.50379760742186,145.9223974609375,4.6500091552734375
2023-01-31,2023-02-03,142.6999969482422,142.6999969482422,0,139.84599700927734,148.40799682617188,5.3300018310546875
2023-02-06,2023-02-22,152.57000732421875,152.57000732421875,0,149.51860717773437,158.67280761718752,-3.70001220703125
2023-02-23,2023-02-27,150.08999633789062,150.08999633789062,0,147.0881964111328,156.09359619140625,-2.3799896240234375
2023-02-28,2023-03-06,147.0500030517578,147.0500030517578,0,144.10900299072264,152.93200317382812,6.739990234375
2023-03-16,2023-03-22,152.16000366210938,152.16000366210938,0,149.11680358886719,158.24640380859375,7.1399993896484375
2023-03-23,2023-04-04,158.8300018310547,158.8300018310547,0,155.6534017944336,165.18320190429688,7.7700042724609375
2023-04-05,2023-04-12,164.74000549316406,164.74000549316406,0,161.4452053833008,171.32960571289064,-3.5200042724609375
2023-04-13,2023-04-28,161.6300048828125,161.6300048828125,0,158.39740478515625,168.09520507812502,6.8600006103515625
2023-05-01,2023-05-05,169.27999877929688,169.27999877929688,0,165.89439880371094,176.05119873046877,1.6999969482421875
2023-05-08,2023-06-02,172.47999572753906,172.47999572753906,0,169.03039581298827,179.37919555664064,8.550003051757812
2023-06-05,2023-06-08,182.6300048828125,182.6300048828125,0,178.97740478515624,189.935205078125,-4.730010986328125
2023-06-09,2023-06-29,181.5,181.5,0,177.87,188.76000000000002,7.5800018310546875
2023-06-30,2023-08-07,191.6300048828125,191.6300048828125,0,187.79740478515626,199.295205078125,-9.5
2023-08-08,2023-08-09,179.69000244140625,179.69000244140625,0,176.09620239257814,186.8776025390625,1.17999267578125
2023-09-07,2023-09-19,175.17999267578125,175.17999267578125,0,171.67639282226563,182.1871923828125,2.3400115966796875
2023-10-17,2023-10-23,176.64999389648438,176.64999389648438,0,173.1169940185547,183.71599365234377,-5.739990234375
2023-10-24,2023-10-27,173.0500030517578,173.0500030517578,0,169.58900299072266,179.97200317382814,-6.1399993896484375
2023-11-10,2023-11-21,183.97000122070312,183.97000122070312,0,180.29060119628906,191.32880126953125,7.44000244140625
